{
  "experiment": {
    "name": "res_tcn_se_esc_9",
    "timestamp": "2025-06-16T14:49:01.255207",
    "repeat_index": 0,
    "fold_index": 4
  },
  "evaluation": {
    "loss": 0.1965220719575882,
    "accuracy": 0.937347412109375
  },
  "classification_report": {
    "bpsk": {
      "precision": 1.0,
      "recall": 1.0,
      "f1-score": 1.0,
      "support": 410.0
    },
    "qpsk": {
      "precision": 1.0,
      "recall": 1.0,
      "f1-score": 1.0,
      "support": 410.0
    },
    "16qam": {
      "precision": 0.9926108374384236,
      "recall": 0.9853300733496333,
      "f1-score": 0.988957055214724,
      "support": 409.0
    },
    "32qam cross": {
      "precision": 0.8505154639175257,
      "recall": 0.8048780487804879,
      "f1-score": 0.8270676691729324,
      "support": 410.0
    },
    "64qam": {
      "precision": 0.9803921568627451,
      "recall": 0.9779951100244498,
      "f1-score": 0.9791921664626683,
      "support": 409.0
    },
    "128qam cross": {
      "precision": 0.8073394495412844,
      "recall": 0.8585365853658536,
      "f1-score": 0.8321513002364067,
      "support": 410.0
    },
    "accuracy": 0.9377542717656632,
    "macro avg": {
      "precision": 0.9384763179599963,
      "recall": 0.9377899695867374,
      "f1-score": 0.9378946985144552,
      "support": 2458.0
    },
    "weighted avg": {
      "precision": 0.9384372413292473,
      "recall": 0.9377542717656632,
      "f1-score": 0.9378571233213516,
      "support": 2458.0
    }
  }
}