{
  "experiment": {
    "name": "res_tcn_se_esc_9",
    "timestamp": "2025-06-16T14:49:01.680993",
    "repeat_index": 0,
    "fold_index": 4
  },
  "effects": {
    "num_taps": {
      "is_categorical": true,
      "bins": null,
      "values": {
        "2": {
          "Éxito": 0.9377542717656632,
          "Error": 0.06224572823433686
        }
      }
    },
    "snr_db": {
      "is_categorical": false,
      "bins": 10,
      "values": {
        "(7.996, 8.4]": {
          "Éxito": 0.9188034188034188,
          "Error": 0.0811965811965812
        },
        "(8.4, 8.8]": {
          "Éxito": 0.9285714285714286,
          "Error": 0.07142857142857142
        },
        "(8.8, 9.2]": {
          "Éxito": 0.9285714285714286,
          "Error": 0.07142857142857142
        },
        "(9.2, 9.6]": {
          "Éxito": 0.9416666666666667,
          "Error": 0.058333333333333334
        },
        "(9.6, 10.0]": {
          "Éxito": 0.9159663865546218,
          "Error": 0.08403361344537816
        },
        "(10.0, 10.399]": {
          "Éxito": 0.9234042553191489,
          "Error": 0.07659574468085106
        },
        "(10.399, 10.799]": {
          "Éxito": 0.9606299212598425,
          "Error": 0.03937007874015748
        },
        "(10.799, 11.199]": {
          "Éxito": 0.956989247311828,
          "Error": 0.043010752688172046
        },
        "(11.199, 11.599]": {
          "Éxito": 0.96875,
          "Error": 0.03125
        },
        "(11.599, 11.999]": {
          "Éxito": 0.9316546762589928,
          "Error": 0.0683453237410072
        }
      }
    },
    "phase_offset": {
      "is_categorical": false,
      "bins": 10,
      "values": {
        "(44.979, 49.52]": {
          "Éxito": 0.9442231075697212,
          "Error": 0.055776892430278883
        },
        "(49.52, 54.015]": {
          "Éxito": 0.9148148148148149,
          "Error": 0.08518518518518518
        },
        "(54.015, 58.511]": {
          "Éxito": 0.9288702928870293,
          "Error": 0.07112970711297072
        },
        "(58.511, 63.007]": {
          "Éxito": 0.9497907949790795,
          "Error": 0.0502092050209205
        },
        "(63.007, 67.502]": {
          "Éxito": 0.9316239316239316,
          "Error": 0.06837606837606838
        },
        "(67.502, 71.998]": {
          "Éxito": 0.9497907949790795,
          "Error": 0.0502092050209205
        },
        "(71.998, 76.494]": {
          "Éxito": 0.9467213114754098,
          "Error": 0.05327868852459016
        },
        "(76.494, 80.989]": {
          "Éxito": 0.9467680608365019,
          "Error": 0.053231939163498096
        },
        "(80.989, 85.485]": {
          "Éxito": 0.9300411522633745,
          "Error": 0.06995884773662552
        },
        "(85.485, 89.981]": {
          "Éxito": 0.9364406779661016,
          "Error": 0.0635593220338983
        }
      }
    },
    "roll_off": {
      "is_categorical": false,
      "bins": 10,
      "values": {
        "(0.2, 0.21]": {
          "Éxito": 0.9294117647058824,
          "Error": 0.07058823529411765
        },
        "(0.21, 0.22]": {
          "Éxito": 0.9234042553191489,
          "Error": 0.07659574468085106
        },
        "(0.22, 0.23]": {
          "Éxito": 0.9531914893617022,
          "Error": 0.04680851063829787
        },
        "(0.23, 0.24]": {
          "Éxito": 0.9391304347826087,
          "Error": 0.06086956521739131
        },
        "(0.24, 0.25]": {
          "Éxito": 0.9351145038167938,
          "Error": 0.0648854961832061
        },
        "(0.25, 0.26]": {
          "Éxito": 0.94140625,
          "Error": 0.05859375
        },
        "(0.26, 0.27]": {
          "Éxito": 0.9320754716981132,
          "Error": 0.06792452830188679
        },
        "(0.27, 0.28]": {
          "Éxito": 0.9212598425196851,
          "Error": 0.07874015748031496
        },
        "(0.28, 0.29]": {
          "Éxito": 0.9692982456140351,
          "Error": 0.03070175438596491
        },
        "(0.29, 0.3]": {
          "Éxito": 0.9369747899159664,
          "Error": 0.06302521008403361
        }
      }
    }
  }
}