{
  "experiment": {
    "name": "red_carlos_ESC_2",
    "timestamp": "2025-06-18T04:27:56.979465",
    "repeat_index": 2,
    "fold_index": 0
  },
  "effects": {
    "num_taps": {
      "is_categorical": true,
      "bins": null,
      "values": {
        "2": {
          "Éxito": 0.33319772172497963,
          "Error": 0.6668022782750204
        }
      }
    },
    "snr_db": {
      "is_categorical": false,
      "bins": 10,
      "values": {
        "(4.001, 4.404]": {
          "Éxito": 0.33739837398373984,
          "Error": 0.6626016260162602
        },
        "(4.404, 4.804]": {
          "Éxito": 0.35135135135135137,
          "Error": 0.6486486486486487
        },
        "(4.804, 5.203]": {
          "Éxito": 0.32489451476793246,
          "Error": 0.6751054852320675
        },
        "(5.203, 5.603]": {
          "Éxito": 0.3391304347826087,
          "Error": 0.6608695652173913
        },
        "(5.603, 6.002]": {
          "Éxito": 0.32806324110671936,
          "Error": 0.6719367588932806
        },
        "(6.002, 6.402]": {
          "Éxito": 0.38735177865612647,
          "Error": 0.6126482213438735
        },
        "(6.402, 6.801]": {
          "Éxito": 0.3225806451612903,
          "Error": 0.6774193548387096
        },
        "(6.801, 7.201]": {
          "Éxito": 0.33992094861660077,
          "Error": 0.6600790513833992
        },
        "(7.201, 7.6]": {
          "Éxito": 0.27307692307692305,
          "Error": 0.7269230769230769
        },
        "(7.6, 8.0]": {
          "Éxito": 0.3287671232876712,
          "Error": 0.6712328767123288
        }
      }
    },
    "phase_offset": {
      "is_categorical": false,
      "bins": 10,
      "values": {
        "(-0.0433, 4.498]": {
          "Éxito": 0.31512605042016806,
          "Error": 0.6848739495798319
        },
        "(4.498, 8.994]": {
          "Éxito": 0.4025974025974026,
          "Error": 0.5974025974025974
        },
        "(8.994, 13.489]": {
          "Éxito": 0.3359375,
          "Error": 0.6640625
        },
        "(13.489, 17.985]": {
          "Éxito": 0.30735930735930733,
          "Error": 0.6926406926406926
        },
        "(17.985, 22.481]": {
          "Éxito": 0.3548387096774194,
          "Error": 0.6451612903225806
        },
        "(22.481, 26.977]": {
          "Éxito": 0.2749003984063745,
          "Error": 0.7250996015936255
        },
        "(26.977, 31.473]": {
          "Éxito": 0.36363636363636365,
          "Error": 0.6363636363636364
        },
        "(31.473, 35.969]": {
          "Éxito": 0.33574007220216606,
          "Error": 0.6642599277978339
        },
        "(35.969, 40.465]": {
          "Éxito": 0.30120481927710846,
          "Error": 0.6987951807228916
        },
        "(40.465, 44.961]": {
          "Éxito": 0.3446808510638298,
          "Error": 0.6553191489361702
        }
      }
    },
    "roll_off": {
      "is_categorical": false,
      "bins": 10,
      "values": {
        "(0.2, 0.21]": {
          "Éxito": 0.3669724770642202,
          "Error": 0.6330275229357798
        },
        "(0.21, 0.22]": {
          "Éxito": 0.33212996389891697,
          "Error": 0.6678700361010831
        },
        "(0.22, 0.23]": {
          "Éxito": 0.31932773109243695,
          "Error": 0.680672268907563
        },
        "(0.23, 0.24]": {
          "Éxito": 0.3178294573643411,
          "Error": 0.6821705426356589
        },
        "(0.24, 0.25]": {
          "Éxito": 0.3187250996015936,
          "Error": 0.6812749003984063
        },
        "(0.25, 0.26]": {
          "Éxito": 0.3448275862068966,
          "Error": 0.6551724137931034
        },
        "(0.26, 0.27]": {
          "Éxito": 0.30666666666666664,
          "Error": 0.6933333333333334
        },
        "(0.27, 0.28]": {
          "Éxito": 0.3453815261044177,
          "Error": 0.6546184738955824
        },
        "(0.28, 0.29]": {
          "Éxito": 0.35714285714285715,
          "Error": 0.6428571428571429
        },
        "(0.29, 0.3]": {
          "Éxito": 0.3231441048034934,
          "Error": 0.6768558951965066
        }
      }
    }
  }
}