{
  "experiment": {
    "name": "red_carlos_ESC_2",
    "timestamp": "2025-06-18T04:25:47.206438",
    "repeat_index": 1,
    "fold_index": 4
  },
  "effects": {
    "num_taps": {
      "is_categorical": true,
      "bins": null,
      "values": {
        "2": {
          "Éxito": 0.7445077298616761,
          "Error": 0.2554922701383238
        }
      }
    },
    "snr_db": {
      "is_categorical": false,
      "bins": 10,
      "values": {
        "(3.997, 4.401]": {
          "Éxito": 0.6342592592592593,
          "Error": 0.36574074074074076
        },
        "(4.401, 4.8]": {
          "Éxito": 0.7153024911032029,
          "Error": 0.2846975088967972
        },
        "(4.8, 5.2]": {
          "Éxito": 0.7185185185185186,
          "Error": 0.2814814814814815
        },
        "(5.2, 5.6]": {
          "Éxito": 0.680365296803653,
          "Error": 0.319634703196347
        },
        "(5.6, 5.999]": {
          "Éxito": 0.7479338842975206,
          "Error": 0.25206611570247933
        },
        "(5.999, 6.399]": {
          "Éxito": 0.7665369649805448,
          "Error": 0.23346303501945526
        },
        "(6.399, 6.798]": {
          "Éxito": 0.7478991596638656,
          "Error": 0.25210084033613445
        },
        "(6.798, 7.198]": {
          "Éxito": 0.7735849056603774,
          "Error": 0.22641509433962265
        },
        "(7.198, 7.598]": {
          "Éxito": 0.8097165991902834,
          "Error": 0.1902834008097166
        },
        "(7.598, 7.997]": {
          "Éxito": 0.8297101449275363,
          "Error": 0.17028985507246377
        }
      }
    },
    "phase_offset": {
      "is_categorical": false,
      "bins": 10,
      "values": {
        "(-0.0433, 4.492]": {
          "Éxito": 0.7053140096618358,
          "Error": 0.2946859903381642
        },
        "(4.492, 8.983]": {
          "Éxito": 0.7692307692307693,
          "Error": 0.23076923076923078
        },
        "(8.983, 13.473]": {
          "Éxito": 0.758893280632411,
          "Error": 0.24110671936758893
        },
        "(13.473, 17.964]": {
          "Éxito": 0.6909871244635193,
          "Error": 0.3090128755364807
        },
        "(17.964, 22.454]": {
          "Éxito": 0.7346938775510204,
          "Error": 0.2653061224489796
        },
        "(22.454, 26.945]": {
          "Éxito": 0.7219917012448133,
          "Error": 0.27800829875518673
        },
        "(26.945, 31.435]": {
          "Éxito": 0.7489539748953975,
          "Error": 0.2510460251046025
        },
        "(31.435, 35.926]": {
          "Éxito": 0.7708333333333334,
          "Error": 0.22916666666666666
        },
        "(35.926, 40.416]": {
          "Éxito": 0.7468879668049793,
          "Error": 0.25311203319502074
        },
        "(40.416, 44.907]": {
          "Éxito": 0.7815126050420168,
          "Error": 0.2184873949579832
        }
      }
    },
    "roll_off": {
      "is_categorical": false,
      "bins": 10,
      "values": {
        "(0.2, 0.21]": {
          "Éxito": 0.7716535433070866,
          "Error": 0.2283464566929134
        },
        "(0.21, 0.22]": {
          "Éxito": 0.7415730337078652,
          "Error": 0.25842696629213485
        },
        "(0.22, 0.23]": {
          "Éxito": 0.7396694214876033,
          "Error": 0.2603305785123967
        },
        "(0.23, 0.24]": {
          "Éxito": 0.6516393442622951,
          "Error": 0.3483606557377049
        },
        "(0.24, 0.25]": {
          "Éxito": 0.7560975609756098,
          "Error": 0.24390243902439024
        },
        "(0.25, 0.26]": {
          "Éxito": 0.7892561983471075,
          "Error": 0.21074380165289255
        },
        "(0.26, 0.27]": {
          "Éxito": 0.7338403041825095,
          "Error": 0.2661596958174905
        },
        "(0.27, 0.28]": {
          "Éxito": 0.7945205479452054,
          "Error": 0.2054794520547945
        },
        "(0.28, 0.29]": {
          "Éxito": 0.7651821862348178,
          "Error": 0.23481781376518218
        },
        "(0.29, 0.3]": {
          "Éxito": 0.7051282051282052,
          "Error": 0.2948717948717949
        }
      }
    }
  }
}