{
  "experiment": {
    "name": "red_carlos_ESC_11",
    "timestamp": "2025-06-21T08:30:03.624756",
    "repeat_index": 2,
    "fold_index": 3
  },
  "effects": {
    "num_taps": {
      "is_categorical": true,
      "bins": null,
      "values": {
        "2": {
          "Éxito": 0.33319772172497963,
          "Error": 0.6668022782750204
        }
      }
    },
    "snr_db": {
      "is_categorical": false,
      "bins": 10,
      "values": {
        "(7.996, 8.4]": {
          "Éxito": 0.2869198312236287,
          "Error": 0.7130801687763713
        },
        "(8.4, 8.8]": {
          "Éxito": 0.3346153846153846,
          "Error": 0.6653846153846154
        },
        "(8.8, 9.2]": {
          "Éxito": 0.3552123552123552,
          "Error": 0.6447876447876448
        },
        "(9.2, 9.6]": {
          "Éxito": 0.3031496062992126,
          "Error": 0.6968503937007874
        },
        "(9.6, 9.999]": {
          "Éxito": 0.3697478991596639,
          "Error": 0.6302521008403361
        },
        "(9.999, 10.399]": {
          "Éxito": 0.3278008298755187,
          "Error": 0.6721991701244814
        },
        "(10.399, 10.799]": {
          "Éxito": 0.29955947136563876,
          "Error": 0.7004405286343612
        },
        "(10.799, 11.199]": {
          "Éxito": 0.33587786259541985,
          "Error": 0.6641221374045801
        },
        "(11.199, 11.599]": {
          "Éxito": 0.3459915611814346,
          "Error": 0.6540084388185654
        },
        "(11.599, 11.999]": {
          "Éxito": 0.37037037037037035,
          "Error": 0.6296296296296297
        }
      }
    },
    "phase_offset": {
      "is_categorical": false,
      "bins": 10,
      "values": {
        "(134.957, 139.5]": {
          "Éxito": 0.3177966101694915,
          "Error": 0.6822033898305084
        },
        "(139.5, 143.999]": {
          "Éxito": 0.33031674208144796,
          "Error": 0.669683257918552
        },
        "(143.999, 148.497]": {
          "Éxito": 0.3359375,
          "Error": 0.6640625
        },
        "(148.497, 152.995]": {
          "Éxito": 0.35864978902953587,
          "Error": 0.6413502109704642
        },
        "(152.995, 157.493]": {
          "Éxito": 0.34210526315789475,
          "Error": 0.6578947368421053
        },
        "(157.493, 161.991]": {
          "Éxito": 0.2966666666666667,
          "Error": 0.7033333333333334
        },
        "(161.991, 166.49]": {
          "Éxito": 0.3,
          "Error": 0.7
        },
        "(166.49, 170.988]": {
          "Éxito": 0.3392070484581498,
          "Error": 0.6607929515418502
        },
        "(170.988, 175.486]": {
          "Éxito": 0.37349397590361444,
          "Error": 0.6265060240963856
        },
        "(175.486, 179.984]": {
          "Éxito": 0.3446969696969697,
          "Error": 0.6553030303030303
        }
      }
    },
    "roll_off": {
      "is_categorical": false,
      "bins": 10,
      "values": {
        "(0.2, 0.21]": {
          "Éxito": 0.3045267489711934,
          "Error": 0.6954732510288066
        },
        "(0.21, 0.22]": {
          "Éxito": 0.373015873015873,
          "Error": 0.626984126984127
        },
        "(0.22, 0.23]": {
          "Éxito": 0.3168724279835391,
          "Error": 0.6831275720164609
        },
        "(0.23, 0.24]": {
          "Éxito": 0.3697478991596639,
          "Error": 0.6302521008403361
        },
        "(0.24, 0.25]": {
          "Éxito": 0.3295880149812734,
          "Error": 0.6704119850187266
        },
        "(0.25, 0.26]": {
          "Éxito": 0.3302752293577982,
          "Error": 0.6697247706422018
        },
        "(0.26, 0.27]": {
          "Éxito": 0.29213483146067415,
          "Error": 0.7078651685393258
        },
        "(0.27, 0.28]": {
          "Éxito": 0.32142857142857145,
          "Error": 0.6785714285714286
        },
        "(0.28, 0.29]": {
          "Éxito": 0.36330935251798563,
          "Error": 0.6366906474820144
        },
        "(0.29, 0.3]": {
          "Éxito": 0.32894736842105265,
          "Error": 0.6710526315789473
        }
      }
    }
  }
}