{
  "experiment": {
    "name": "red_carlos_ESC_2",
    "timestamp": "2025-06-18T04:50:45.102570",
    "repeat_index": 3,
    "fold_index": 0
  },
  "evaluation": {
    "loss": 0.9855693578720093,
    "accuracy": 0.7160292863845825
  },
  "classification_report": {
    "bpsk": {
      "precision": 1.0,
      "recall": 0.9975550122249389,
      "f1-score": 0.9987760097919216,
      "support": 409.0
    },
    "qpsk": {
      "precision": 0.9975550122249389,
      "recall": 0.9951219512195122,
      "f1-score": 0.9963369963369964,
      "support": 410.0
    },
    "16qam": {
      "precision": 0.5510204081632653,
      "recall": 0.5926829268292683,
      "f1-score": 0.571092831962397,
      "support": 410.0
    },
    "32qam cross": {
      "precision": 0.5720081135902637,
      "recall": 0.6878048780487804,
      "f1-score": 0.6245847176079734,
      "support": 410.0
    },
    "64qam": {
      "precision": 0.7573099415204678,
      "recall": 0.6332518337408313,
      "f1-score": 0.6897470039946738,
      "support": 409.0
    },
    "128qam cross": {
      "precision": 0.4410958904109589,
      "recall": 0.3926829268292683,
      "f1-score": 0.415483870967742,
      "support": 410.0
    },
    "accuracy": 0.7164361269324654,
    "macro avg": {
      "precision": 0.7198315609849825,
      "recall": 0.7165165881487666,
      "f1-score": 0.7160035717769508,
      "support": 2458.0
    },
    "weighted avg": {
      "precision": 0.7197023311967193,
      "recall": 0.7164361269324654,
      "f1-score": 0.7158992121877593,
      "support": 2458.0
    }
  }
}