{
  "experiment": {
    "name": "red_carlos_ESC_2",
    "timestamp": "2025-06-18T04:50:45.501838",
    "repeat_index": 3,
    "fold_index": 0
  },
  "effects": {
    "num_taps": {
      "is_categorical": true,
      "bins": null,
      "values": {
        "2": {
          "Éxito": 0.7164361269324654,
          "Error": 0.28356387306753456
        }
      }
    },
    "snr_db": {
      "is_categorical": false,
      "bins": 10,
      "values": {
        "(3.996, 4.4]": {
          "Éxito": 0.7103174603174603,
          "Error": 0.2896825396825397
        },
        "(4.4, 4.8]": {
          "Éxito": 0.7076923076923077,
          "Error": 0.2923076923076923
        },
        "(4.8, 5.2]": {
          "Éxito": 0.6492537313432836,
          "Error": 0.35074626865671643
        },
        "(5.2, 5.6]": {
          "Éxito": 0.691304347826087,
          "Error": 0.30869565217391304
        },
        "(5.6, 6.0]": {
          "Éxito": 0.7073170731707317,
          "Error": 0.2926829268292683
        },
        "(6.0, 6.4]": {
          "Éxito": 0.6888888888888889,
          "Error": 0.3111111111111111
        },
        "(6.4, 6.8]": {
          "Éxito": 0.7113821138211383,
          "Error": 0.2886178861788618
        },
        "(6.8, 7.2]": {
          "Éxito": 0.7554585152838428,
          "Error": 0.2445414847161572
        },
        "(7.2, 7.6]": {
          "Éxito": 0.756,
          "Error": 0.244
        },
        "(7.6, 7.999]": {
          "Éxito": 0.7896825396825397,
          "Error": 0.21031746031746032
        }
      }
    },
    "phase_offset": {
      "is_categorical": false,
      "bins": 10,
      "values": {
        "(-0.0429, 4.499]": {
          "Éxito": 0.6828193832599119,
          "Error": 0.31718061674008813
        },
        "(4.499, 8.996]": {
          "Éxito": 0.7676348547717843,
          "Error": 0.23236514522821577
        },
        "(8.996, 13.493]": {
          "Éxito": 0.7142857142857143,
          "Error": 0.2857142857142857
        },
        "(13.493, 17.99]": {
          "Éxito": 0.7188755020080321,
          "Error": 0.28112449799196787
        },
        "(17.99, 22.486]": {
          "Éxito": 0.7065637065637066,
          "Error": 0.29343629343629346
        },
        "(22.486, 26.983]": {
          "Éxito": 0.7276422764227642,
          "Error": 0.27235772357723576
        },
        "(26.983, 31.48]": {
          "Éxito": 0.7368421052631579,
          "Error": 0.2631578947368421
        },
        "(31.48, 35.977]": {
          "Éxito": 0.7241379310344828,
          "Error": 0.27586206896551724
        },
        "(35.977, 40.474]": {
          "Éxito": 0.7148760330578512,
          "Error": 0.28512396694214875
        },
        "(40.474, 44.971]": {
          "Éxito": 0.6693548387096774,
          "Error": 0.33064516129032256
        }
      }
    },
    "roll_off": {
      "is_categorical": false,
      "bins": 10,
      "values": {
        "(0.2, 0.21]": {
          "Éxito": 0.7016129032258065,
          "Error": 0.29838709677419356
        },
        "(0.21, 0.22]": {
          "Éxito": 0.7420634920634921,
          "Error": 0.25793650793650796
        },
        "(0.22, 0.23]": {
          "Éxito": 0.6872427983539094,
          "Error": 0.31275720164609055
        },
        "(0.23, 0.24]": {
          "Éxito": 0.6679841897233202,
          "Error": 0.33201581027667987
        },
        "(0.24, 0.25]": {
          "Éxito": 0.7692307692307693,
          "Error": 0.23076923076923078
        },
        "(0.25, 0.26]": {
          "Éxito": 0.766798418972332,
          "Error": 0.233201581027668
        },
        "(0.26, 0.27]": {
          "Éxito": 0.680672268907563,
          "Error": 0.31932773109243695
        },
        "(0.27, 0.28]": {
          "Éxito": 0.7159533073929961,
          "Error": 0.2840466926070039
        },
        "(0.28, 0.29]": {
          "Éxito": 0.7224489795918367,
          "Error": 0.27755102040816326
        },
        "(0.29, 0.3]": {
          "Éxito": 0.7072072072072072,
          "Error": 0.2927927927927928
        }
      }
    }
  }
}