{
  "experiment": {
    "name": "res_tcn_se_esc_9",
    "timestamp": "2025-06-16T15:20:39.035101",
    "repeat_index": 1,
    "fold_index": 3
  },
  "effects": {
    "num_taps": {
      "is_categorical": true,
      "bins": null,
      "values": {
        "2": {
          "Éxito": 0.9349064279902359,
          "Error": 0.06509357200976404
        }
      }
    },
    "snr_db": {
      "is_categorical": false,
      "bins": 10,
      "values": {
        "(7.997, 8.401]": {
          "Éxito": 0.8932806324110671,
          "Error": 0.1067193675889328
        },
        "(8.401, 8.8]": {
          "Éxito": 0.9349593495934959,
          "Error": 0.06504065040650407
        },
        "(8.8, 9.2]": {
          "Éxito": 0.9132231404958677,
          "Error": 0.08677685950413223
        },
        "(9.2, 9.599]": {
          "Éxito": 0.9351851851851852,
          "Error": 0.06481481481481481
        },
        "(9.599, 9.999]": {
          "Éxito": 0.9461883408071748,
          "Error": 0.053811659192825115
        },
        "(9.999, 10.398]": {
          "Éxito": 0.9625,
          "Error": 0.0375
        },
        "(10.398, 10.798]": {
          "Éxito": 0.9540229885057471,
          "Error": 0.04597701149425287
        },
        "(10.798, 11.197]": {
          "Éxito": 0.9252669039145908,
          "Error": 0.07473309608540925
        },
        "(11.197, 11.597]": {
          "Éxito": 0.9387755102040817,
          "Error": 0.061224489795918366
        },
        "(11.597, 11.997]": {
          "Éxito": 0.9482071713147411,
          "Error": 0.05179282868525897
        }
      }
    },
    "phase_offset": {
      "is_categorical": false,
      "bins": 10,
      "values": {
        "(44.964, 49.506]": {
          "Éxito": 0.92,
          "Error": 0.08
        },
        "(49.506, 54.003]": {
          "Éxito": 0.9300411522633745,
          "Error": 0.06995884773662552
        },
        "(54.003, 58.499]": {
          "Éxito": 0.9539748953974896,
          "Error": 0.04602510460251046
        },
        "(58.499, 62.996]": {
          "Éxito": 0.9592760180995475,
          "Error": 0.04072398190045249
        },
        "(62.996, 67.493]": {
          "Éxito": 0.9538461538461539,
          "Error": 0.046153846153846156
        },
        "(67.493, 71.989]": {
          "Éxito": 0.9205020920502092,
          "Error": 0.0794979079497908
        },
        "(71.989, 76.486]": {
          "Éxito": 0.9312977099236641,
          "Error": 0.06870229007633588
        },
        "(76.486, 80.983]": {
          "Éxito": 0.9195402298850575,
          "Error": 0.08045977011494253
        },
        "(80.983, 85.48]": {
          "Éxito": 0.9153225806451613,
          "Error": 0.0846774193548387
        },
        "(85.48, 89.976]": {
          "Éxito": 0.948936170212766,
          "Error": 0.05106382978723404
        }
      }
    },
    "roll_off": {
      "is_categorical": false,
      "bins": 10,
      "values": {
        "(0.2, 0.21]": {
          "Éxito": 0.9243697478991597,
          "Error": 0.07563025210084033
        },
        "(0.21, 0.22]": {
          "Éxito": 0.9416666666666667,
          "Error": 0.058333333333333334
        },
        "(0.22, 0.23]": {
          "Éxito": 0.940677966101695,
          "Error": 0.059322033898305086
        },
        "(0.23, 0.24]": {
          "Éxito": 0.9423076923076923,
          "Error": 0.057692307692307696
        },
        "(0.24, 0.25]": {
          "Éxito": 0.926829268292683,
          "Error": 0.07317073170731707
        },
        "(0.25, 0.26]": {
          "Éxito": 0.9306122448979591,
          "Error": 0.06938775510204082
        },
        "(0.26, 0.27]": {
          "Éxito": 0.9461538461538461,
          "Error": 0.05384615384615385
        },
        "(0.27, 0.28]": {
          "Éxito": 0.9224489795918367,
          "Error": 0.07755102040816327
        },
        "(0.28, 0.29]": {
          "Éxito": 0.9079497907949791,
          "Error": 0.09205020920502092
        },
        "(0.29, 0.3]": {
          "Éxito": 0.963855421686747,
          "Error": 0.03614457831325301
        }
      }
    }
  }
}