{
  "experiment": {
    "name": "res_tcn_se_esc_9",
    "timestamp": "2025-06-16T14:22:42.973311",
    "repeat_index": 0,
    "fold_index": 0
  },
  "effects": {
    "num_taps": {
      "is_categorical": true,
      "bins": null,
      "values": {
        "2": {
          "Éxito": 0.9458909682668837,
          "Error": 0.054109031733116354
        }
      }
    },
    "snr_db": {
      "is_categorical": false,
      "bins": 10,
      "values": {
        "(7.996, 8.4]": {
          "Éxito": 0.9531914893617022,
          "Error": 0.04680851063829787
        },
        "(8.4, 8.8]": {
          "Éxito": 0.9433198380566802,
          "Error": 0.05668016194331984
        },
        "(8.8, 9.2]": {
          "Éxito": 0.9090909090909091,
          "Error": 0.09090909090909091
        },
        "(9.2, 9.6]": {
          "Éxito": 0.9444444444444444,
          "Error": 0.05555555555555555
        },
        "(9.6, 10.0]": {
          "Éxito": 0.9545454545454546,
          "Error": 0.045454545454545456
        },
        "(10.0, 10.4]": {
          "Éxito": 0.9473684210526315,
          "Error": 0.05263157894736842
        },
        "(10.4, 10.8]": {
          "Éxito": 0.9322709163346613,
          "Error": 0.06772908366533864
        },
        "(10.8, 11.2]": {
          "Éxito": 0.9321428571428572,
          "Error": 0.06785714285714285
        },
        "(11.2, 11.6]": {
          "Éxito": 0.9770992366412213,
          "Error": 0.022900763358778626
        },
        "(11.6, 12.0]": {
          "Éxito": 0.9691119691119691,
          "Error": 0.03088803088803089
        }
      }
    },
    "phase_offset": {
      "is_categorical": false,
      "bins": 10,
      "values": {
        "(44.957, 49.496]": {
          "Éxito": 0.9338842975206612,
          "Error": 0.06611570247933884
        },
        "(49.496, 53.991]": {
          "Éxito": 0.959349593495935,
          "Error": 0.04065040650406504
        },
        "(53.991, 58.485]": {
          "Éxito": 0.9704641350210971,
          "Error": 0.029535864978902954
        },
        "(58.485, 62.98]": {
          "Éxito": 0.9490196078431372,
          "Error": 0.050980392156862744
        },
        "(62.98, 67.474]": {
          "Éxito": 0.9538461538461539,
          "Error": 0.046153846153846156
        },
        "(67.474, 71.969]": {
          "Éxito": 0.9209302325581395,
          "Error": 0.07906976744186046
        },
        "(71.969, 76.463]": {
          "Éxito": 0.9260869565217391,
          "Error": 0.07391304347826087
        },
        "(76.463, 80.957]": {
          "Éxito": 0.9572953736654805,
          "Error": 0.042704626334519574
        },
        "(80.957, 85.452]": {
          "Éxito": 0.950207468879668,
          "Error": 0.04979253112033195
        },
        "(85.452, 89.946]": {
          "Éxito": 0.9322709163346613,
          "Error": 0.06772908366533864
        }
      }
    },
    "roll_off": {
      "is_categorical": false,
      "bins": 10,
      "values": {
        "(0.2, 0.21]": {
          "Éxito": 0.9324324324324325,
          "Error": 0.06756756756756757
        },
        "(0.21, 0.22]": {
          "Éxito": 0.9213973799126638,
          "Error": 0.07860262008733625
        },
        "(0.22, 0.23]": {
          "Éxito": 0.9467680608365019,
          "Error": 0.053231939163498096
        },
        "(0.23, 0.24]": {
          "Éxito": 0.9487179487179487,
          "Error": 0.05128205128205128
        },
        "(0.24, 0.25]": {
          "Éxito": 0.9606299212598425,
          "Error": 0.03937007874015748
        },
        "(0.25, 0.26]": {
          "Éxito": 0.9510204081632653,
          "Error": 0.04897959183673469
        },
        "(0.26, 0.27]": {
          "Éxito": 0.959349593495935,
          "Error": 0.04065040650406504
        },
        "(0.27, 0.28]": {
          "Éxito": 0.922509225092251,
          "Error": 0.07749077490774908
        },
        "(0.28, 0.29]": {
          "Éxito": 0.9426229508196722,
          "Error": 0.05737704918032787
        },
        "(0.29, 0.3]": {
          "Éxito": 0.972,
          "Error": 0.028
        }
      }
    }
  }
}