{
  "experiment": {
    "name": "res_tcn_se_esc_10",
    "timestamp": "2025-06-16T15:41:49.339493",
    "repeat_index": 0,
    "fold_index": 1
  },
  "effects": {
    "num_taps": {
      "is_categorical": true,
      "bins": null,
      "values": {
        "2": {
          "Éxito": 0.9292107404393816,
          "Error": 0.07078925956061839
        }
      }
    },
    "snr_db": {
      "is_categorical": false,
      "bins": 10,
      "values": {
        "(7.998, 8.401]": {
          "Éxito": 0.8630705394190872,
          "Error": 0.13692946058091288
        },
        "(8.401, 8.801]": {
          "Éxito": 0.9094488188976378,
          "Error": 0.09055118110236221
        },
        "(8.801, 9.201]": {
          "Éxito": 0.9147286821705426,
          "Error": 0.08527131782945736
        },
        "(9.201, 9.601]": {
          "Éxito": 0.9519650655021834,
          "Error": 0.048034934497816595
        },
        "(9.601, 10.001]": {
          "Éxito": 0.9493670886075949,
          "Error": 0.05063291139240506
        },
        "(10.001, 10.4]": {
          "Éxito": 0.9402985074626866,
          "Error": 0.05970149253731343
        },
        "(10.4, 10.8]": {
          "Éxito": 0.9385245901639344,
          "Error": 0.06147540983606557
        },
        "(10.8, 11.2]": {
          "Éxito": 0.9440298507462687,
          "Error": 0.055970149253731345
        },
        "(11.2, 11.6]": {
          "Éxito": 0.9344978165938864,
          "Error": 0.06550218340611354
        },
        "(11.6, 12.0]": {
          "Éxito": 0.9478260869565217,
          "Error": 0.05217391304347826
        }
      }
    },
    "phase_offset": {
      "is_categorical": false,
      "bins": 10,
      "values": {
        "(89.998, 94.532]": {
          "Éxito": 0.926530612244898,
          "Error": 0.07346938775510205
        },
        "(94.532, 99.02]": {
          "Éxito": 0.9471544715447154,
          "Error": 0.052845528455284556
        },
        "(99.02, 103.509]": {
          "Éxito": 0.9344262295081968,
          "Error": 0.06557377049180328
        },
        "(103.509, 107.997]": {
          "Éxito": 0.9319148936170213,
          "Error": 0.06808510638297872
        },
        "(107.997, 112.486]": {
          "Éxito": 0.932,
          "Error": 0.068
        },
        "(112.486, 116.974]": {
          "Éxito": 0.9230769230769231,
          "Error": 0.07692307692307693
        },
        "(116.974, 121.463]": {
          "Éxito": 0.9221789883268483,
          "Error": 0.07782101167315175
        },
        "(121.463, 125.952]": {
          "Éxito": 0.9254901960784314,
          "Error": 0.07450980392156863
        },
        "(125.952, 130.44]": {
          "Éxito": 0.9307692307692308,
          "Error": 0.06923076923076923
        },
        "(130.44, 134.929]": {
          "Éxito": 0.9181034482758621,
          "Error": 0.08189655172413793
        }
      }
    },
    "roll_off": {
      "is_categorical": false,
      "bins": 10,
      "values": {
        "(0.2, 0.21]": {
          "Éxito": 0.9282868525896414,
          "Error": 0.07171314741035857
        },
        "(0.21, 0.22]": {
          "Éxito": 0.9029850746268657,
          "Error": 0.09701492537313433
        },
        "(0.22, 0.23]": {
          "Éxito": 0.9429824561403509,
          "Error": 0.05701754385964912
        },
        "(0.23, 0.24]": {
          "Éxito": 0.9388646288209607,
          "Error": 0.0611353711790393
        },
        "(0.24, 0.25]": {
          "Éxito": 0.9325842696629213,
          "Error": 0.06741573033707865
        },
        "(0.25, 0.26]": {
          "Éxito": 0.9121338912133892,
          "Error": 0.08786610878661087
        },
        "(0.26, 0.27]": {
          "Éxito": 0.9280575539568345,
          "Error": 0.07194244604316546
        },
        "(0.27, 0.28]": {
          "Éxito": 0.9598214285714286,
          "Error": 0.04017857142857143
        },
        "(0.28, 0.29]": {
          "Éxito": 0.9078947368421053,
          "Error": 0.09210526315789473
        },
        "(0.29, 0.3]": {
          "Éxito": 0.943089430894309,
          "Error": 0.056910569105691054
        }
      }
    }
  }
}