{
  "experiment": {
    "name": "res_tcn_se_esc_10",
    "timestamp": "2025-06-16T15:34:26.316072",
    "repeat_index": 0,
    "fold_index": 0
  },
  "effects": {
    "num_taps": {
      "is_categorical": true,
      "bins": null,
      "values": {
        "2": {
          "Éxito": 0.9145646867371847,
          "Error": 0.0854353132628153
        }
      }
    },
    "snr_db": {
      "is_categorical": false,
      "bins": 10,
      "values": {
        "(7.997, 8.401]": {
          "Éxito": 0.8653061224489796,
          "Error": 0.1346938775510204
        },
        "(8.401, 8.801]": {
          "Éxito": 0.8969465648854962,
          "Error": 0.10305343511450382
        },
        "(8.801, 9.201]": {
          "Éxito": 0.8934426229508197,
          "Error": 0.10655737704918032
        },
        "(9.201, 9.6]": {
          "Éxito": 0.8958333333333334,
          "Error": 0.10416666666666667
        },
        "(9.6, 10.0]": {
          "Éxito": 0.9299065420560748,
          "Error": 0.07009345794392523
        },
        "(10.0, 10.4]": {
          "Éxito": 0.9473684210526315,
          "Error": 0.05263157894736842
        },
        "(10.4, 10.8]": {
          "Éxito": 0.9139344262295082,
          "Error": 0.0860655737704918
        },
        "(10.8, 11.2]": {
          "Éxito": 0.9207547169811321,
          "Error": 0.07924528301886792
        },
        "(11.2, 11.6]": {
          "Éxito": 0.925764192139738,
          "Error": 0.07423580786026202
        },
        "(11.6, 12.0]": {
          "Éxito": 0.9558232931726908,
          "Error": 0.04417670682730924
        }
      }
    },
    "phase_offset": {
      "is_categorical": false,
      "bins": 10,
      "values": {
        "(89.957, 94.496]": {
          "Éxito": 0.9163179916317992,
          "Error": 0.08368200836820083
        },
        "(94.496, 98.991]": {
          "Éxito": 0.9282868525896414,
          "Error": 0.07171314741035857
        },
        "(98.991, 103.485]": {
          "Éxito": 0.9043824701195219,
          "Error": 0.09561752988047809
        },
        "(103.485, 107.979]": {
          "Éxito": 0.899581589958159,
          "Error": 0.100418410041841
        },
        "(107.979, 112.474]": {
          "Éxito": 0.9153846153846154,
          "Error": 0.08461538461538462
        },
        "(112.474, 116.968]": {
          "Éxito": 0.922077922077922,
          "Error": 0.07792207792207792
        },
        "(116.968, 121.463]": {
          "Éxito": 0.9251968503937008,
          "Error": 0.07480314960629922
        },
        "(121.463, 125.957]": {
          "Éxito": 0.9065040650406504,
          "Error": 0.09349593495934959
        },
        "(125.957, 130.452]": {
          "Éxito": 0.9186991869918699,
          "Error": 0.08130081300813008
        },
        "(130.452, 134.946]": {
          "Éxito": 0.9087136929460581,
          "Error": 0.0912863070539419
        }
      }
    },
    "roll_off": {
      "is_categorical": false,
      "bins": 10,
      "values": {
        "(0.2, 0.21]": {
          "Éxito": 0.900398406374502,
          "Error": 0.099601593625498
        },
        "(0.21, 0.22]": {
          "Éxito": 0.867704280155642,
          "Error": 0.13229571984435798
        },
        "(0.22, 0.23]": {
          "Éxito": 0.9026217228464419,
          "Error": 0.09737827715355805
        },
        "(0.23, 0.24]": {
          "Éxito": 0.9452054794520548,
          "Error": 0.0547945205479452
        },
        "(0.24, 0.25]": {
          "Éxito": 0.9221789883268483,
          "Error": 0.07782101167315175
        },
        "(0.25, 0.26]": {
          "Éxito": 0.9324324324324325,
          "Error": 0.06756756756756757
        },
        "(0.26, 0.27]": {
          "Éxito": 0.935361216730038,
          "Error": 0.06463878326996197
        },
        "(0.27, 0.28]": {
          "Éxito": 0.9372384937238494,
          "Error": 0.06276150627615062
        },
        "(0.28, 0.29]": {
          "Éxito": 0.9113924050632911,
          "Error": 0.08860759493670886
        },
        "(0.29, 0.3]": {
          "Éxito": 0.8983739837398373,
          "Error": 0.1016260162601626
        }
      }
    }
  }
}