{
  "experiment": {
    "name": "res_tcn_se_esc_9",
    "timestamp": "2025-06-16T14:37:15.830508",
    "repeat_index": 0,
    "fold_index": 2
  },
  "effects": {
    "num_taps": {
      "is_categorical": true,
      "bins": null,
      "values": {
        "2": {
          "Éxito": 0.9442636289666395,
          "Error": 0.05573637103336045
        }
      }
    },
    "snr_db": {
      "is_categorical": false,
      "bins": 10,
      "values": {
        "(7.996, 8.4]": {
          "Éxito": 0.9274193548387096,
          "Error": 0.07258064516129033
        },
        "(8.4, 8.8]": {
          "Éxito": 0.94,
          "Error": 0.06
        },
        "(8.8, 9.2]": {
          "Éxito": 0.943089430894309,
          "Error": 0.056910569105691054
        },
        "(9.2, 9.6]": {
          "Éxito": 0.960352422907489,
          "Error": 0.039647577092511016
        },
        "(9.6, 10.0]": {
          "Éxito": 0.9509433962264151,
          "Error": 0.04905660377358491
        },
        "(10.0, 10.4]": {
          "Éxito": 0.9595141700404858,
          "Error": 0.04048582995951417
        },
        "(10.4, 10.8]": {
          "Éxito": 0.9504132231404959,
          "Error": 0.049586776859504134
        },
        "(10.8, 11.199]": {
          "Éxito": 0.9537815126050421,
          "Error": 0.046218487394957986
        },
        "(11.199, 11.599]": {
          "Éxito": 0.9377777777777778,
          "Error": 0.06222222222222222
        },
        "(11.599, 11.999]": {
          "Éxito": 0.9222222222222223,
          "Error": 0.07777777777777778
        }
      }
    },
    "phase_offset": {
      "is_categorical": false,
      "bins": 10,
      "values": {
        "(44.965, 49.508]": {
          "Éxito": 0.943089430894309,
          "Error": 0.056910569105691054
        },
        "(49.508, 54.006]": {
          "Éxito": 0.9493087557603687,
          "Error": 0.05069124423963134
        },
        "(54.006, 58.504]": {
          "Éxito": 0.956140350877193,
          "Error": 0.043859649122807015
        },
        "(58.504, 63.002]": {
          "Éxito": 0.9523809523809523,
          "Error": 0.047619047619047616
        },
        "(63.002, 67.5]": {
          "Éxito": 0.9375,
          "Error": 0.0625
        },
        "(67.5, 71.998]": {
          "Éxito": 0.94140625,
          "Error": 0.05859375
        },
        "(71.998, 76.496]": {
          "Éxito": 0.9360730593607306,
          "Error": 0.0639269406392694
        },
        "(76.496, 80.994]": {
          "Éxito": 0.9272030651340997,
          "Error": 0.07279693486590039
        },
        "(80.994, 85.492]": {
          "Éxito": 0.9477911646586346,
          "Error": 0.05220883534136546
        },
        "(85.492, 89.99]": {
          "Éxito": 0.9525691699604744,
          "Error": 0.04743083003952569
        }
      }
    },
    "roll_off": {
      "is_categorical": false,
      "bins": 10,
      "values": {
        "(0.2, 0.21]": {
          "Éxito": 0.9324894514767933,
          "Error": 0.06751054852320675
        },
        "(0.21, 0.22]": {
          "Éxito": 0.929368029739777,
          "Error": 0.07063197026022305
        },
        "(0.22, 0.23]": {
          "Éxito": 0.9570815450643777,
          "Error": 0.04291845493562232
        },
        "(0.23, 0.24]": {
          "Éxito": 0.9563492063492064,
          "Error": 0.04365079365079365
        },
        "(0.24, 0.25]": {
          "Éxito": 0.9713114754098361,
          "Error": 0.028688524590163935
        },
        "(0.25, 0.26]": {
          "Éxito": 0.9429824561403509,
          "Error": 0.05701754385964912
        },
        "(0.26, 0.27]": {
          "Éxito": 0.9522058823529411,
          "Error": 0.04779411764705882
        },
        "(0.27, 0.28]": {
          "Éxito": 0.9458333333333333,
          "Error": 0.05416666666666667
        },
        "(0.28, 0.29]": {
          "Éxito": 0.927710843373494,
          "Error": 0.07228915662650602
        },
        "(0.29, 0.3]": {
          "Éxito": 0.9273504273504274,
          "Error": 0.07264957264957266
        }
      }
    }
  }
}