{
  "experiment": {
    "name": "red_carlos_ESC_2",
    "timestamp": "2025-06-18T03:55:57.784512",
    "repeat_index": 0,
    "fold_index": 3
  },
  "effects": {
    "num_taps": {
      "is_categorical": true,
      "bins": null,
      "values": {
        "2": {
          "Éxito": 0.6692432872253865,
          "Error": 0.3307567127746135
        }
      }
    },
    "snr_db": {
      "is_categorical": false,
      "bins": 10,
      "values": {
        "(4.003, 4.406]": {
          "Éxito": 0.6170212765957447,
          "Error": 0.3829787234042553
        },
        "(4.406, 4.804]": {
          "Éxito": 0.6452830188679245,
          "Error": 0.35471698113207545
        },
        "(4.804, 5.203]": {
          "Éxito": 0.6398467432950191,
          "Error": 0.36015325670498083
        },
        "(5.203, 5.601]": {
          "Éxito": 0.6680497925311203,
          "Error": 0.33195020746887965
        },
        "(5.601, 6.0]": {
          "Éxito": 0.6508620689655172,
          "Error": 0.34913793103448276
        },
        "(6.0, 6.398]": {
          "Éxito": 0.6854838709677419,
          "Error": 0.31451612903225806
        },
        "(6.398, 6.797]": {
          "Éxito": 0.7028112449799196,
          "Error": 0.2971887550200803
        },
        "(6.797, 7.195]": {
          "Éxito": 0.711864406779661,
          "Error": 0.288135593220339
        },
        "(7.195, 7.594]": {
          "Éxito": 0.6775510204081633,
          "Error": 0.3224489795918367
        },
        "(7.594, 7.992]": {
          "Éxito": 0.6951219512195121,
          "Error": 0.3048780487804878
        }
      }
    },
    "phase_offset": {
      "is_categorical": false,
      "bins": 10,
      "values": {
        "(-0.0353, 4.506]": {
          "Éxito": 0.702928870292887,
          "Error": 0.29707112970711297
        },
        "(4.506, 9.002]": {
          "Éxito": 0.6422764227642277,
          "Error": 0.35772357723577236
        },
        "(9.002, 13.498]": {
          "Éxito": 0.7148760330578512,
          "Error": 0.28512396694214875
        },
        "(13.498, 17.994]": {
          "Éxito": 0.6546184738955824,
          "Error": 0.3453815261044177
        },
        "(17.994, 22.49]": {
          "Éxito": 0.6564885496183206,
          "Error": 0.3435114503816794
        },
        "(22.49, 26.986]": {
          "Éxito": 0.668141592920354,
          "Error": 0.33185840707964603
        },
        "(26.986, 31.482]": {
          "Éxito": 0.7181467181467182,
          "Error": 0.28185328185328185
        },
        "(31.482, 35.979]": {
          "Éxito": 0.64453125,
          "Error": 0.35546875
        },
        "(35.979, 40.475]": {
          "Éxito": 0.657258064516129,
          "Error": 0.34274193548387094
        },
        "(40.475, 44.971]": {
          "Éxito": 0.6320346320346321,
          "Error": 0.36796536796536794
        }
      }
    },
    "roll_off": {
      "is_categorical": false,
      "bins": 10,
      "values": {
        "(0.2, 0.21]": {
          "Éxito": 0.6666666666666666,
          "Error": 0.3333333333333333
        },
        "(0.21, 0.22]": {
          "Éxito": 0.644,
          "Error": 0.356
        },
        "(0.22, 0.23]": {
          "Éxito": 0.6510638297872341,
          "Error": 0.34893617021276596
        },
        "(0.23, 0.24]": {
          "Éxito": 0.6403508771929824,
          "Error": 0.35964912280701755
        },
        "(0.24, 0.25]": {
          "Éxito": 0.6883116883116883,
          "Error": 0.3116883116883117
        },
        "(0.25, 0.26]": {
          "Éxito": 0.6979591836734694,
          "Error": 0.3020408163265306
        },
        "(0.26, 0.27]": {
          "Éxito": 0.6852589641434262,
          "Error": 0.3147410358565737
        },
        "(0.27, 0.28]": {
          "Éxito": 0.6274509803921569,
          "Error": 0.37254901960784315
        },
        "(0.28, 0.29]": {
          "Éxito": 0.7100371747211895,
          "Error": 0.2899628252788104
        },
        "(0.29, 0.3]": {
          "Éxito": 0.6770428015564203,
          "Error": 0.3229571984435798
        }
      }
    }
  }
}