{
  "experiment": {
    "name": "red_carlos_ESC_2",
    "timestamp": "2025-06-18T04:54:30.691911",
    "repeat_index": 3,
    "fold_index": 1
  },
  "effects": {
    "num_taps": {
      "is_categorical": true,
      "bins": null,
      "values": {
        "2": {
          "Éxito": 0.6765663140764849,
          "Error": 0.32343368592351507
        }
      }
    },
    "snr_db": {
      "is_categorical": false,
      "bins": 10,
      "values": {
        "(3.996, 4.4]": {
          "Éxito": 0.6944444444444444,
          "Error": 0.3055555555555556
        },
        "(4.4, 4.8]": {
          "Éxito": 0.6923076923076923,
          "Error": 0.3076923076923077
        },
        "(4.8, 5.2]": {
          "Éxito": 0.6194029850746269,
          "Error": 0.3805970149253731
        },
        "(5.2, 5.6]": {
          "Éxito": 0.6652173913043479,
          "Error": 0.3347826086956522
        },
        "(5.6, 6.0]": {
          "Éxito": 0.6869918699186992,
          "Error": 0.3130081300813008
        },
        "(6.0, 6.4]": {
          "Éxito": 0.6444444444444445,
          "Error": 0.35555555555555557
        },
        "(6.4, 6.8]": {
          "Éxito": 0.7113821138211383,
          "Error": 0.2886178861788618
        },
        "(6.8, 7.2]": {
          "Éxito": 0.6637554585152838,
          "Error": 0.33624454148471616
        },
        "(7.2, 7.6]": {
          "Éxito": 0.696,
          "Error": 0.304
        },
        "(7.6, 7.999]": {
          "Éxito": 0.6904761904761905,
          "Error": 0.30952380952380953
        }
      }
    },
    "phase_offset": {
      "is_categorical": false,
      "bins": 10,
      "values": {
        "(-0.0429, 4.499]": {
          "Éxito": 0.6299559471365639,
          "Error": 0.3700440528634361
        },
        "(4.499, 8.996]": {
          "Éxito": 0.7302904564315352,
          "Error": 0.2697095435684647
        },
        "(8.996, 13.493]": {
          "Éxito": 0.7058823529411765,
          "Error": 0.29411764705882354
        },
        "(13.493, 17.99]": {
          "Éxito": 0.678714859437751,
          "Error": 0.321285140562249
        },
        "(17.99, 22.486]": {
          "Éxito": 0.6640926640926641,
          "Error": 0.3359073359073359
        },
        "(22.486, 26.983]": {
          "Éxito": 0.6666666666666666,
          "Error": 0.3333333333333333
        },
        "(26.983, 31.48]": {
          "Éxito": 0.708502024291498,
          "Error": 0.291497975708502
        },
        "(31.48, 35.977]": {
          "Éxito": 0.6590038314176245,
          "Error": 0.34099616858237547
        },
        "(35.977, 40.474]": {
          "Éxito": 0.6818181818181818,
          "Error": 0.3181818181818182
        },
        "(40.474, 44.971]": {
          "Éxito": 0.6411290322580645,
          "Error": 0.3588709677419355
        }
      }
    },
    "roll_off": {
      "is_categorical": false,
      "bins": 10,
      "values": {
        "(0.2, 0.21]": {
          "Éxito": 0.657258064516129,
          "Error": 0.34274193548387094
        },
        "(0.21, 0.22]": {
          "Éxito": 0.7222222222222222,
          "Error": 0.2777777777777778
        },
        "(0.22, 0.23]": {
          "Éxito": 0.6296296296296297,
          "Error": 0.37037037037037035
        },
        "(0.23, 0.24]": {
          "Éxito": 0.6561264822134387,
          "Error": 0.3438735177865613
        },
        "(0.24, 0.25]": {
          "Éxito": 0.6963562753036437,
          "Error": 0.30364372469635625
        },
        "(0.25, 0.26]": {
          "Éxito": 0.6679841897233202,
          "Error": 0.33201581027667987
        },
        "(0.26, 0.27]": {
          "Éxito": 0.6764705882352942,
          "Error": 0.3235294117647059
        },
        "(0.27, 0.28]": {
          "Éxito": 0.6731517509727627,
          "Error": 0.32684824902723736
        },
        "(0.28, 0.29]": {
          "Éxito": 0.6979591836734694,
          "Error": 0.3020408163265306
        },
        "(0.29, 0.3]": {
          "Éxito": 0.6891891891891891,
          "Error": 0.3108108108108108
        }
      }
    }
  }
}