{
  "experiment": {
    "name": "res_tcn_se_esc_9",
    "timestamp": "2025-06-16T14:57:31.852597",
    "repeat_index": 1,
    "fold_index": 0
  },
  "effects": {
    "num_taps": {
      "is_categorical": true,
      "bins": null,
      "values": {
        "2": {
          "Éxito": 0.9365337672904801,
          "Error": 0.06346623270951994
        }
      }
    },
    "snr_db": {
      "is_categorical": false,
      "bins": 10,
      "values": {
        "(7.996, 8.4]": {
          "Éxito": 0.924901185770751,
          "Error": 0.07509881422924901
        },
        "(8.4, 8.8]": {
          "Éxito": 0.9112903225806451,
          "Error": 0.08870967741935484
        },
        "(8.8, 9.2]": {
          "Éxito": 0.9117647058823529,
          "Error": 0.08823529411764706
        },
        "(9.2, 9.6]": {
          "Éxito": 0.9295154185022027,
          "Error": 0.07048458149779736
        },
        "(9.6, 10.0]": {
          "Éxito": 0.9455252918287937,
          "Error": 0.054474708171206226
        },
        "(10.0, 10.4]": {
          "Éxito": 0.9417040358744395,
          "Error": 0.05829596412556054
        },
        "(10.4, 10.799]": {
          "Éxito": 0.9588477366255144,
          "Error": 0.0411522633744856
        },
        "(10.799, 11.199]": {
          "Éxito": 0.9465648854961832,
          "Error": 0.05343511450381679
        },
        "(11.199, 11.599]": {
          "Éxito": 0.9451476793248945,
          "Error": 0.05485232067510549
        },
        "(11.599, 11.999]": {
          "Éxito": 0.9481481481481482,
          "Error": 0.05185185185185185
        }
      }
    },
    "phase_offset": {
      "is_categorical": false,
      "bins": 10,
      "values": {
        "(44.957, 49.499]": {
          "Éxito": 0.9384615384615385,
          "Error": 0.06153846153846154
        },
        "(49.499, 53.997]": {
          "Éxito": 0.9755102040816327,
          "Error": 0.024489795918367346
        },
        "(53.997, 58.494]": {
          "Éxito": 0.9363636363636364,
          "Error": 0.06363636363636363
        },
        "(58.494, 62.991]": {
          "Éxito": 0.9518072289156626,
          "Error": 0.04819277108433735
        },
        "(62.991, 67.489]": {
          "Éxito": 0.9504504504504504,
          "Error": 0.04954954954954955
        },
        "(67.489, 71.986]": {
          "Éxito": 0.9506172839506173,
          "Error": 0.04938271604938271
        },
        "(71.986, 76.483]": {
          "Éxito": 0.9042145593869731,
          "Error": 0.09578544061302682
        },
        "(76.483, 80.98]": {
          "Éxito": 0.921875,
          "Error": 0.078125
        },
        "(80.98, 85.478]": {
          "Éxito": 0.9250936329588015,
          "Error": 0.0749063670411985
        },
        "(85.478, 89.975]": {
          "Éxito": 0.9148936170212766,
          "Error": 0.0851063829787234
        }
      }
    },
    "roll_off": {
      "is_categorical": false,
      "bins": 10,
      "values": {
        "(0.2, 0.21]": {
          "Éxito": 0.9431818181818182,
          "Error": 0.056818181818181816
        },
        "(0.21, 0.22]": {
          "Éxito": 0.9134199134199135,
          "Error": 0.08658008658008658
        },
        "(0.22, 0.23]": {
          "Éxito": 0.9221311475409836,
          "Error": 0.0778688524590164
        },
        "(0.23, 0.24]": {
          "Éxito": 0.9511111111111111,
          "Error": 0.04888888888888889
        },
        "(0.24, 0.25]": {
          "Éxito": 0.9400749063670412,
          "Error": 0.0599250936329588
        },
        "(0.25, 0.26]": {
          "Éxito": 0.953125,
          "Error": 0.046875
        },
        "(0.26, 0.27]": {
          "Éxito": 0.9433962264150944,
          "Error": 0.05660377358490566
        },
        "(0.27, 0.28]": {
          "Éxito": 0.9490196078431372,
          "Error": 0.050980392156862744
        },
        "(0.28, 0.29]": {
          "Éxito": 0.9,
          "Error": 0.1
        },
        "(0.29, 0.3]": {
          "Éxito": 0.9457013574660633,
          "Error": 0.05429864253393665
        }
      }
    }
  }
}