{
  "experiment": {
    "name": "res_tcn_se_esc_9",
    "timestamp": "2025-06-16T14:31:56.628150",
    "repeat_index": 0,
    "fold_index": 1
  },
  "effects": {
    "num_taps": {
      "is_categorical": true,
      "bins": null,
      "values": {
        "2": {
          "Éxito": 0.9556550040683482,
          "Error": 0.04434499593165175
        }
      }
    },
    "snr_db": {
      "is_categorical": false,
      "bins": 10,
      "values": {
        "(7.996, 8.4]": {
          "Éxito": 0.9118942731277533,
          "Error": 0.0881057268722467
        },
        "(8.4, 8.799]": {
          "Éxito": 0.9585062240663901,
          "Error": 0.04149377593360996
        },
        "(8.799, 9.199]": {
          "Éxito": 0.953125,
          "Error": 0.046875
        },
        "(9.199, 9.599]": {
          "Éxito": 0.9456066945606695,
          "Error": 0.05439330543933055
        },
        "(9.599, 9.998]": {
          "Éxito": 0.960352422907489,
          "Error": 0.039647577092511016
        },
        "(9.998, 10.398]": {
          "Éxito": 0.9568965517241379,
          "Error": 0.04310344827586207
        },
        "(10.398, 10.798]": {
          "Éxito": 0.9617021276595744,
          "Error": 0.03829787234042553
        },
        "(10.798, 11.197]": {
          "Éxito": 0.9666666666666667,
          "Error": 0.03333333333333333
        },
        "(11.197, 11.597]": {
          "Éxito": 0.97265625,
          "Error": 0.02734375
        },
        "(11.597, 11.997]": {
          "Éxito": 0.9636363636363636,
          "Error": 0.03636363636363636
        }
      }
    },
    "phase_offset": {
      "is_categorical": false,
      "bins": 10,
      "values": {
        "(44.988, 49.526]": {
          "Éxito": 0.9469026548672567,
          "Error": 0.05309734513274336
        },
        "(49.526, 54.019]": {
          "Éxito": 0.975609756097561,
          "Error": 0.024390243902439025
        },
        "(54.019, 58.512]": {
          "Éxito": 0.9671532846715328,
          "Error": 0.032846715328467155
        },
        "(58.512, 63.005]": {
          "Éxito": 0.9442231075697212,
          "Error": 0.055776892430278883
        },
        "(63.005, 67.497]": {
          "Éxito": 0.956,
          "Error": 0.044
        },
        "(67.497, 71.99]": {
          "Éxito": 0.9578059071729957,
          "Error": 0.04219409282700422
        },
        "(71.99, 76.483]": {
          "Éxito": 0.9508928571428571,
          "Error": 0.049107142857142856
        },
        "(76.483, 80.976]": {
          "Éxito": 0.9518072289156626,
          "Error": 0.04819277108433735
        },
        "(80.976, 85.469]": {
          "Éxito": 0.9522058823529411,
          "Error": 0.04779411764705882
        },
        "(85.469, 89.962]": {
          "Éxito": 0.9519650655021834,
          "Error": 0.048034934497816595
        }
      }
    },
    "roll_off": {
      "is_categorical": false,
      "bins": 10,
      "values": {
        "(0.2, 0.21]": {
          "Éxito": 0.9457013574660633,
          "Error": 0.05429864253393665
        },
        "(0.21, 0.22]": {
          "Éxito": 0.9540229885057471,
          "Error": 0.04597701149425287
        },
        "(0.22, 0.23]": {
          "Éxito": 0.9822222222222222,
          "Error": 0.017777777777777778
        },
        "(0.23, 0.24]": {
          "Éxito": 0.9233576642335767,
          "Error": 0.07664233576642336
        },
        "(0.24, 0.25]": {
          "Éxito": 0.9553903345724907,
          "Error": 0.04460966542750929
        },
        "(0.25, 0.26]": {
          "Éxito": 0.9556451612903226,
          "Error": 0.04435483870967742
        },
        "(0.26, 0.27]": {
          "Éxito": 0.9610894941634242,
          "Error": 0.038910505836575876
        },
        "(0.27, 0.28]": {
          "Éxito": 0.9616858237547893,
          "Error": 0.038314176245210725
        },
        "(0.28, 0.29]": {
          "Éxito": 0.9663461538461539,
          "Error": 0.03365384615384615
        },
        "(0.29, 0.3]": {
          "Éxito": 0.9572649572649573,
          "Error": 0.042735042735042736
        }
      }
    }
  }
}