{
  "experiment": {
    "name": "red_carlos_ESC_2",
    "timestamp": "2025-06-18T05:08:49.394913",
    "repeat_index": 3,
    "fold_index": 4
  },
  "effects": {
    "num_taps": {
      "is_categorical": true,
      "bins": null,
      "values": {
        "2": {
          "Éxito": 0.6733116354759967,
          "Error": 0.32668836452400324
        }
      }
    },
    "snr_db": {
      "is_categorical": false,
      "bins": 10,
      "values": {
        "(3.996, 4.4]": {
          "Éxito": 0.6507936507936508,
          "Error": 0.3492063492063492
        },
        "(4.4, 4.8]": {
          "Éxito": 0.676923076923077,
          "Error": 0.3230769230769231
        },
        "(4.8, 5.2]": {
          "Éxito": 0.6194029850746269,
          "Error": 0.3805970149253731
        },
        "(5.2, 5.6]": {
          "Éxito": 0.6695652173913044,
          "Error": 0.33043478260869563
        },
        "(5.6, 6.0]": {
          "Éxito": 0.6422764227642277,
          "Error": 0.35772357723577236
        },
        "(6.0, 6.4]": {
          "Éxito": 0.6488888888888888,
          "Error": 0.3511111111111111
        },
        "(6.4, 6.8]": {
          "Éxito": 0.6829268292682927,
          "Error": 0.3170731707317073
        },
        "(6.8, 7.2]": {
          "Éxito": 0.6986899563318777,
          "Error": 0.30131004366812225
        },
        "(7.2, 7.6]": {
          "Éxito": 0.728,
          "Error": 0.272
        },
        "(7.6, 7.999]": {
          "Éxito": 0.7182539682539683,
          "Error": 0.28174603174603174
        }
      }
    },
    "phase_offset": {
      "is_categorical": false,
      "bins": 10,
      "values": {
        "(-0.0429, 4.499]": {
          "Éxito": 0.6519823788546255,
          "Error": 0.34801762114537443
        },
        "(4.499, 8.996]": {
          "Éxito": 0.6887966804979253,
          "Error": 0.3112033195020747
        },
        "(8.996, 13.493]": {
          "Éxito": 0.6722689075630253,
          "Error": 0.3277310924369748
        },
        "(13.493, 17.99]": {
          "Éxito": 0.6947791164658634,
          "Error": 0.30522088353413657
        },
        "(17.99, 22.486]": {
          "Éxito": 0.6640926640926641,
          "Error": 0.3359073359073359
        },
        "(22.486, 26.983]": {
          "Éxito": 0.6951219512195121,
          "Error": 0.3048780487804878
        },
        "(26.983, 31.48]": {
          "Éxito": 0.6963562753036437,
          "Error": 0.30364372469635625
        },
        "(31.48, 35.977]": {
          "Éxito": 0.6551724137931034,
          "Error": 0.3448275862068966
        },
        "(35.977, 40.474]": {
          "Éxito": 0.6652892561983471,
          "Error": 0.3347107438016529
        },
        "(40.474, 44.971]": {
          "Éxito": 0.6491935483870968,
          "Error": 0.35080645161290325
        }
      }
    },
    "roll_off": {
      "is_categorical": false,
      "bins": 10,
      "values": {
        "(0.2, 0.21]": {
          "Éxito": 0.6612903225806451,
          "Error": 0.3387096774193548
        },
        "(0.21, 0.22]": {
          "Éxito": 0.7023809523809523,
          "Error": 0.2976190476190476
        },
        "(0.22, 0.23]": {
          "Éxito": 0.6790123456790124,
          "Error": 0.32098765432098764
        },
        "(0.23, 0.24]": {
          "Éxito": 0.6640316205533597,
          "Error": 0.3359683794466403
        },
        "(0.24, 0.25]": {
          "Éxito": 0.6558704453441295,
          "Error": 0.3441295546558704
        },
        "(0.25, 0.26]": {
          "Éxito": 0.6956521739130435,
          "Error": 0.30434782608695654
        },
        "(0.26, 0.27]": {
          "Éxito": 0.6680672268907563,
          "Error": 0.3319327731092437
        },
        "(0.27, 0.28]": {
          "Éxito": 0.6809338521400778,
          "Error": 0.31906614785992216
        },
        "(0.28, 0.29]": {
          "Éxito": 0.6693877551020408,
          "Error": 0.3306122448979592
        },
        "(0.29, 0.3]": {
          "Éxito": 0.6531531531531531,
          "Error": 0.34684684684684686
        }
      }
    }
  }
}