{
  "experiment": {
    "name": "red_carlos_ESC_2",
    "timestamp": "2025-06-18T04:20:31.528485",
    "repeat_index": 1,
    "fold_index": 3
  },
  "evaluation": {
    "loss": 0.7426592111587524,
    "accuracy": 0.6781936287879944
  },
  "classification_report": {
    "bpsk": {
      "precision": 1.0,
      "recall": 0.9951219512195122,
      "f1-score": 0.9975550122249389,
      "support": 410.0
    },
    "qpsk": {
      "precision": 0.9975550122249389,
      "recall": 0.9951219512195122,
      "f1-score": 0.9963369963369964,
      "support": 410.0
    },
    "16qam": {
      "precision": 0.3836734693877551,
      "recall": 0.22926829268292684,
      "f1-score": 0.2870229007633588,
      "support": 410.0
    },
    "32qam cross": {
      "precision": 0.5407554671968191,
      "recall": 0.6634146341463415,
      "f1-score": 0.5958378970427164,
      "support": 410.0
    },
    "64qam": {
      "precision": 0.7690140845070422,
      "recall": 0.6674816625916871,
      "f1-score": 0.7146596858638743,
      "support": 409.0
    },
    "128qam cross": {
      "precision": 0.3940520446096654,
      "recall": 0.5183374083129584,
      "f1-score": 0.44772967265047514,
      "support": 409.0
    },
    "accuracy": 0.6781936533767291,
    "macro avg": {
      "precision": 0.6808416796543701,
      "recall": 0.6781243166954898,
      "f1-score": 0.6731903608137267,
      "support": 2458.0
    },
    "weighted avg": {
      "precision": 0.6809224840604693,
      "recall": 0.6781936533767291,
      "f1-score": 0.6732652149077515,
      "support": 2458.0
    }
  }
}