{
  "experiment": {
    "name": "red_carlos_ESC_2",
    "timestamp": "2025-06-18T04:20:31.960408",
    "repeat_index": 1,
    "fold_index": 3
  },
  "effects": {
    "num_taps": {
      "is_categorical": true,
      "bins": null,
      "values": {
        "2": {
          "Éxito": 0.6781936533767291,
          "Error": 0.32180634662327096
        }
      }
    },
    "snr_db": {
      "is_categorical": false,
      "bins": 10,
      "values": {
        "(3.997, 4.401]": {
          "Éxito": 0.6111111111111112,
          "Error": 0.3888888888888889
        },
        "(4.401, 4.8]": {
          "Éxito": 0.6761565836298933,
          "Error": 0.3238434163701068
        },
        "(4.8, 5.2]": {
          "Éxito": 0.7074074074074074,
          "Error": 0.29259259259259257
        },
        "(5.2, 5.6]": {
          "Éxito": 0.6575342465753424,
          "Error": 0.3424657534246575
        },
        "(5.6, 5.999]": {
          "Éxito": 0.6694214876033058,
          "Error": 0.3305785123966942
        },
        "(5.999, 6.399]": {
          "Éxito": 0.7042801556420234,
          "Error": 0.29571984435797666
        },
        "(6.399, 6.798]": {
          "Éxito": 0.7394957983193278,
          "Error": 0.2605042016806723
        },
        "(6.798, 7.198]": {
          "Éxito": 0.6839622641509434,
          "Error": 0.3160377358490566
        },
        "(7.198, 7.598]": {
          "Éxito": 0.6639676113360324,
          "Error": 0.3360323886639676
        },
        "(7.598, 7.997]": {
          "Éxito": 0.6594202898550725,
          "Error": 0.34057971014492755
        }
      }
    },
    "phase_offset": {
      "is_categorical": false,
      "bins": 10,
      "values": {
        "(-0.0433, 4.492]": {
          "Éxito": 0.6280193236714976,
          "Error": 0.3719806763285024
        },
        "(4.492, 8.983]": {
          "Éxito": 0.7142857142857143,
          "Error": 0.2857142857142857
        },
        "(8.983, 13.473]": {
          "Éxito": 0.7193675889328063,
          "Error": 0.28063241106719367
        },
        "(13.473, 17.964]": {
          "Éxito": 0.6351931330472103,
          "Error": 0.3648068669527897
        },
        "(17.964, 22.454]": {
          "Éxito": 0.673469387755102,
          "Error": 0.32653061224489793
        },
        "(22.454, 26.945]": {
          "Éxito": 0.6597510373443983,
          "Error": 0.34024896265560167
        },
        "(26.945, 31.435]": {
          "Éxito": 0.698744769874477,
          "Error": 0.301255230125523
        },
        "(31.435, 35.926]": {
          "Éxito": 0.6736111111111112,
          "Error": 0.3263888888888889
        },
        "(35.926, 40.416]": {
          "Éxito": 0.6804979253112033,
          "Error": 0.31950207468879666
        },
        "(40.416, 44.907]": {
          "Éxito": 0.6848739495798319,
          "Error": 0.31512605042016806
        }
      }
    },
    "roll_off": {
      "is_categorical": false,
      "bins": 10,
      "values": {
        "(0.2, 0.21]": {
          "Éxito": 0.6968503937007874,
          "Error": 0.3031496062992126
        },
        "(0.21, 0.22]": {
          "Éxito": 0.6666666666666666,
          "Error": 0.3333333333333333
        },
        "(0.22, 0.23]": {
          "Éxito": 0.6446280991735537,
          "Error": 0.35537190082644626
        },
        "(0.23, 0.24]": {
          "Éxito": 0.6967213114754098,
          "Error": 0.30327868852459017
        },
        "(0.24, 0.25]": {
          "Éxito": 0.6869918699186992,
          "Error": 0.3130081300813008
        },
        "(0.25, 0.26]": {
          "Éxito": 0.7066115702479339,
          "Error": 0.29338842975206614
        },
        "(0.26, 0.27]": {
          "Éxito": 0.6121673003802282,
          "Error": 0.38783269961977185
        },
        "(0.27, 0.28]": {
          "Éxito": 0.7031963470319634,
          "Error": 0.2968036529680365
        },
        "(0.28, 0.29]": {
          "Éxito": 0.6963562753036437,
          "Error": 0.30364372469635625
        },
        "(0.29, 0.3]": {
          "Éxito": 0.6794871794871795,
          "Error": 0.32051282051282054
        }
      }
    }
  }
}