{
  "experiment": {
    "name": "red_carlos_ESC_2",
    "timestamp": "2025-06-18T04:45:24.722437",
    "repeat_index": 2,
    "fold_index": 4
  },
  "effects": {
    "num_taps": {
      "is_categorical": true,
      "bins": null,
      "values": {
        "2": {
          "Éxito": 0.660699755899105,
          "Error": 0.33930024410089504
        }
      }
    },
    "snr_db": {
      "is_categorical": false,
      "bins": 10,
      "values": {
        "(4.001, 4.404]": {
          "Éxito": 0.6219512195121951,
          "Error": 0.3780487804878049
        },
        "(4.404, 4.804]": {
          "Éxito": 0.6718146718146718,
          "Error": 0.3281853281853282
        },
        "(4.804, 5.203]": {
          "Éxito": 0.6286919831223629,
          "Error": 0.37130801687763715
        },
        "(5.203, 5.603]": {
          "Éxito": 0.6434782608695652,
          "Error": 0.3565217391304348
        },
        "(5.603, 6.002]": {
          "Éxito": 0.6521739130434783,
          "Error": 0.34782608695652173
        },
        "(6.002, 6.402]": {
          "Éxito": 0.6996047430830039,
          "Error": 0.30039525691699603
        },
        "(6.402, 6.801]": {
          "Éxito": 0.6854838709677419,
          "Error": 0.31451612903225806
        },
        "(6.801, 7.201]": {
          "Éxito": 0.6600790513833992,
          "Error": 0.33992094861660077
        },
        "(7.201, 7.6]": {
          "Éxito": 0.6807692307692308,
          "Error": 0.3192307692307692
        },
        "(7.6, 8.0]": {
          "Éxito": 0.6575342465753424,
          "Error": 0.3424657534246575
        }
      }
    },
    "phase_offset": {
      "is_categorical": false,
      "bins": 10,
      "values": {
        "(-0.0433, 4.498]": {
          "Éxito": 0.6554621848739496,
          "Error": 0.3445378151260504
        },
        "(4.498, 8.994]": {
          "Éxito": 0.7142857142857143,
          "Error": 0.2857142857142857
        },
        "(8.994, 13.489]": {
          "Éxito": 0.703125,
          "Error": 0.296875
        },
        "(13.489, 17.985]": {
          "Éxito": 0.6233766233766234,
          "Error": 0.37662337662337664
        },
        "(17.985, 22.481]": {
          "Éxito": 0.6451612903225806,
          "Error": 0.3548387096774194
        },
        "(22.481, 26.977]": {
          "Éxito": 0.6693227091633466,
          "Error": 0.33067729083665337
        },
        "(26.977, 31.473]": {
          "Éxito": 0.6322314049586777,
          "Error": 0.3677685950413223
        },
        "(31.473, 35.969]": {
          "Éxito": 0.6895306859205776,
          "Error": 0.3104693140794224
        },
        "(35.969, 40.465]": {
          "Éxito": 0.642570281124498,
          "Error": 0.357429718875502
        },
        "(40.465, 44.961]": {
          "Éxito": 0.625531914893617,
          "Error": 0.37446808510638296
        }
      }
    },
    "roll_off": {
      "is_categorical": false,
      "bins": 10,
      "values": {
        "(0.2, 0.21]": {
          "Éxito": 0.6605504587155964,
          "Error": 0.3394495412844037
        },
        "(0.21, 0.22]": {
          "Éxito": 0.6498194945848376,
          "Error": 0.35018050541516244
        },
        "(0.22, 0.23]": {
          "Éxito": 0.6596638655462185,
          "Error": 0.3403361344537815
        },
        "(0.23, 0.24]": {
          "Éxito": 0.624031007751938,
          "Error": 0.375968992248062
        },
        "(0.24, 0.25]": {
          "Éxito": 0.6374501992031872,
          "Error": 0.36254980079681276
        },
        "(0.25, 0.26]": {
          "Éxito": 0.685823754789272,
          "Error": 0.31417624521072796
        },
        "(0.26, 0.27]": {
          "Éxito": 0.64,
          "Error": 0.36
        },
        "(0.27, 0.28]": {
          "Éxito": 0.6827309236947792,
          "Error": 0.3172690763052209
        },
        "(0.28, 0.29]": {
          "Éxito": 0.6746031746031746,
          "Error": 0.3253968253968254
        },
        "(0.29, 0.3]": {
          "Éxito": 0.6943231441048034,
          "Error": 0.3056768558951965
        }
      }
    }
  }
}