{
  "experiment": {
    "name": "res_tcn_se_esc_9",
    "timestamp": "2025-06-16T15:03:06.044978",
    "repeat_index": 1,
    "fold_index": 1
  },
  "evaluation": {
    "loss": 0.17804376780986786,
    "accuracy": 0.9418226480484009
  },
  "classification_report": {
    "bpsk": {
      "precision": 1.0,
      "recall": 1.0,
      "f1-score": 1.0,
      "support": 410.0
    },
    "qpsk": {
      "precision": 1.0,
      "recall": 1.0,
      "f1-score": 1.0,
      "support": 409.0
    },
    "16qam": {
      "precision": 0.96875,
      "recall": 0.9829268292682927,
      "f1-score": 0.9757869249394673,
      "support": 410.0
    },
    "32qam cross": {
      "precision": 0.8287671232876712,
      "recall": 0.8853658536585366,
      "f1-score": 0.8561320754716981,
      "support": 410.0
    },
    "64qam": {
      "precision": 0.9801980198019802,
      "recall": 0.9658536585365853,
      "f1-score": 0.9729729729729729,
      "support": 410.0
    },
    "128qam cross": {
      "precision": 0.8766404199475065,
      "recall": 0.8166259168704156,
      "f1-score": 0.8455696202531645,
      "support": 409.0
    },
    "accuracy": 0.9418226200162734,
    "macro avg": {
      "precision": 0.9423925938395262,
      "recall": 0.9417953763889716,
      "f1-score": 0.9417435989395505,
      "support": 2458.0
    },
    "weighted avg": {
      "precision": 0.9423959074146815,
      "recall": 0.9418226200162734,
      "f1-score": 0.9417590251306107,
      "support": 2458.0
    }
  }
}