{
  "experiment": {
    "name": "res_tcn_se_esc_9",
    "timestamp": "2025-06-16T15:03:06.460364",
    "repeat_index": 1,
    "fold_index": 1
  },
  "effects": {
    "num_taps": {
      "is_categorical": true,
      "bins": null,
      "values": {
        "2": {
          "Éxito": 0.9418226200162734,
          "Error": 0.05817737998372661
        }
      }
    },
    "snr_db": {
      "is_categorical": false,
      "bins": 10,
      "values": {
        "(7.997, 8.401]": {
          "Éxito": 0.9130434782608695,
          "Error": 0.08695652173913043
        },
        "(8.401, 8.801]": {
          "Éxito": 0.9386973180076629,
          "Error": 0.06130268199233716
        },
        "(8.801, 9.2]": {
          "Éxito": 0.9291338582677166,
          "Error": 0.07086614173228346
        },
        "(9.2, 9.6]": {
          "Éxito": 0.944,
          "Error": 0.056
        },
        "(9.6, 10.0]": {
          "Éxito": 0.944206008583691,
          "Error": 0.055793991416309016
        },
        "(10.0, 10.4]": {
          "Éxito": 0.9644268774703557,
          "Error": 0.03557312252964427
        },
        "(10.4, 10.799]": {
          "Éxito": 0.9285714285714286,
          "Error": 0.07142857142857142
        },
        "(10.799, 11.199]": {
          "Éxito": 0.9319148936170213,
          "Error": 0.06808510638297872
        },
        "(11.199, 11.599]": {
          "Éxito": 0.9705882352941176,
          "Error": 0.029411764705882353
        },
        "(11.599, 11.998]": {
          "Éxito": 0.9482758620689655,
          "Error": 0.05172413793103448
        }
      }
    },
    "phase_offset": {
      "is_categorical": false,
      "bins": 10,
      "values": {
        "(44.978, 49.514]": {
          "Éxito": 0.9485294117647058,
          "Error": 0.051470588235294115
        },
        "(49.514, 54.006]": {
          "Éxito": 0.9163498098859315,
          "Error": 0.08365019011406843
        },
        "(54.006, 58.498]": {
          "Éxito": 0.930327868852459,
          "Error": 0.06967213114754098
        },
        "(58.498, 62.99]": {
          "Éxito": 0.9404761904761905,
          "Error": 0.05952380952380952
        },
        "(62.99, 67.482]": {
          "Éxito": 0.9565217391304348,
          "Error": 0.043478260869565216
        },
        "(67.482, 71.974]": {
          "Éxito": 0.9473684210526315,
          "Error": 0.05263157894736842
        },
        "(71.974, 76.466]": {
          "Éxito": 0.9551020408163265,
          "Error": 0.044897959183673466
        },
        "(76.466, 80.958]": {
          "Éxito": 0.9354838709677419,
          "Error": 0.06451612903225806
        },
        "(80.958, 85.449]": {
          "Éxito": 0.9448818897637795,
          "Error": 0.05511811023622047
        },
        "(85.449, 89.941]": {
          "Éxito": 0.9444444444444444,
          "Error": 0.05555555555555555
        }
      }
    },
    "roll_off": {
      "is_categorical": false,
      "bins": 10,
      "values": {
        "(0.2, 0.21]": {
          "Éxito": 0.948,
          "Error": 0.052
        },
        "(0.21, 0.22]": {
          "Éxito": 0.920704845814978,
          "Error": 0.07929515418502203
        },
        "(0.22, 0.23]": {
          "Éxito": 0.950207468879668,
          "Error": 0.04979253112033195
        },
        "(0.23, 0.24]": {
          "Éxito": 0.9512195121951219,
          "Error": 0.04878048780487805
        },
        "(0.24, 0.25]": {
          "Éxito": 0.9456066945606695,
          "Error": 0.05439330543933055
        },
        "(0.25, 0.26]": {
          "Éxito": 0.9652173913043478,
          "Error": 0.034782608695652174
        },
        "(0.26, 0.27]": {
          "Éxito": 0.9071428571428571,
          "Error": 0.09285714285714286
        },
        "(0.27, 0.28]": {
          "Éxito": 0.9496124031007752,
          "Error": 0.050387596899224806
        },
        "(0.28, 0.29]": {
          "Éxito": 0.9385245901639344,
          "Error": 0.06147540983606557
        },
        "(0.29, 0.3]": {
          "Éxito": 0.9465020576131687,
          "Error": 0.053497942386831275
        }
      }
    }
  }
}