{
  "experiment": {
    "name": "red_carlos_ESC_2",
    "timestamp": "2025-06-18T04:36:10.363484",
    "repeat_index": 2,
    "fold_index": 2
  },
  "evaluation": {
    "loss": 0.8176367878913879,
    "accuracy": 0.6590723991394043
  },
  "classification_report": {
    "bpsk": {
      "precision": 1.0,
      "recall": 0.9975550122249389,
      "f1-score": 0.9987760097919216,
      "support": 409.0
    },
    "qpsk": {
      "precision": 0.9975669099756691,
      "recall": 1.0,
      "f1-score": 0.9987819732034106,
      "support": 410.0
    },
    "16qam": {
      "precision": 0.3387096774193548,
      "recall": 0.25609756097560976,
      "f1-score": 0.2916666666666667,
      "support": 410.0
    },
    "32qam cross": {
      "precision": 0.5407407407407407,
      "recall": 0.5354523227383863,
      "f1-score": 0.538083538083538,
      "support": 409.0
    },
    "64qam": {
      "precision": 0.6763392857142857,
      "recall": 0.7390243902439024,
      "f1-score": 0.7062937062937061,
      "support": 410.0
    },
    "128qam cross": {
      "precision": 0.36764705882352944,
      "recall": 0.4268292682926829,
      "f1-score": 0.39503386004514673,
      "support": 410.0
    },
    "accuracy": 0.6590724165988608,
    "macro avg": {
      "precision": 0.6535006121122633,
      "recall": 0.6591597590792535,
      "f1-score": 0.6547726256807317,
      "support": 2458.0
    },
    "weighted avg": {
      "precision": 0.6534055187369516,
      "recall": 0.6590724165988608,
      "f1-score": 0.6546801463086753,
      "support": 2458.0
    }
  }
}