{
  "experiment": {
    "name": "red_carlos_ESC_2",
    "timestamp": "2025-06-18T04:36:10.813237",
    "repeat_index": 2,
    "fold_index": 2
  },
  "effects": {
    "num_taps": {
      "is_categorical": true,
      "bins": null,
      "values": {
        "2": {
          "Éxito": 0.6590724165988608,
          "Error": 0.34092758340113916
        }
      }
    },
    "snr_db": {
      "is_categorical": false,
      "bins": 10,
      "values": {
        "(4.001, 4.404]": {
          "Éxito": 0.5975609756097561,
          "Error": 0.4024390243902439
        },
        "(4.404, 4.804]": {
          "Éxito": 0.6332046332046332,
          "Error": 0.3667953667953668
        },
        "(4.804, 5.203]": {
          "Éxito": 0.6624472573839663,
          "Error": 0.33755274261603374
        },
        "(5.203, 5.603]": {
          "Éxito": 0.6608695652173913,
          "Error": 0.3391304347826087
        },
        "(5.603, 6.002]": {
          "Éxito": 0.6482213438735178,
          "Error": 0.35177865612648224
        },
        "(6.002, 6.402]": {
          "Éxito": 0.7154150197628458,
          "Error": 0.2845849802371542
        },
        "(6.402, 6.801]": {
          "Éxito": 0.6653225806451613,
          "Error": 0.3346774193548387
        },
        "(6.801, 7.201]": {
          "Éxito": 0.6877470355731226,
          "Error": 0.31225296442687744
        },
        "(7.201, 7.6]": {
          "Éxito": 0.6692307692307692,
          "Error": 0.33076923076923076
        },
        "(7.6, 8.0]": {
          "Éxito": 0.6484018264840182,
          "Error": 0.3515981735159817
        }
      }
    },
    "phase_offset": {
      "is_categorical": false,
      "bins": 10,
      "values": {
        "(-0.0433, 4.498]": {
          "Éxito": 0.6428571428571429,
          "Error": 0.35714285714285715
        },
        "(4.498, 8.994]": {
          "Éxito": 0.7012987012987013,
          "Error": 0.2987012987012987
        },
        "(8.994, 13.489]": {
          "Éxito": 0.6484375,
          "Error": 0.3515625
        },
        "(13.489, 17.985]": {
          "Éxito": 0.658008658008658,
          "Error": 0.341991341991342
        },
        "(17.985, 22.481]": {
          "Éxito": 0.7258064516129032,
          "Error": 0.27419354838709675
        },
        "(22.481, 26.977]": {
          "Éxito": 0.6055776892430279,
          "Error": 0.3944223107569721
        },
        "(26.977, 31.473]": {
          "Éxito": 0.6694214876033058,
          "Error": 0.3305785123966942
        },
        "(31.473, 35.969]": {
          "Éxito": 0.6714801444043321,
          "Error": 0.3285198555956679
        },
        "(35.969, 40.465]": {
          "Éxito": 0.6385542168674698,
          "Error": 0.3614457831325301
        },
        "(40.465, 44.961]": {
          "Éxito": 0.6297872340425532,
          "Error": 0.3702127659574468
        }
      }
    },
    "roll_off": {
      "is_categorical": false,
      "bins": 10,
      "values": {
        "(0.2, 0.21]": {
          "Éxito": 0.6651376146788991,
          "Error": 0.3348623853211009
        },
        "(0.21, 0.22]": {
          "Éxito": 0.6678700361010831,
          "Error": 0.33212996389891697
        },
        "(0.22, 0.23]": {
          "Éxito": 0.6638655462184874,
          "Error": 0.33613445378151263
        },
        "(0.23, 0.24]": {
          "Éxito": 0.6201550387596899,
          "Error": 0.3798449612403101
        },
        "(0.24, 0.25]": {
          "Éxito": 0.6254980079681275,
          "Error": 0.3745019920318725
        },
        "(0.25, 0.26]": {
          "Éxito": 0.7011494252873564,
          "Error": 0.2988505747126437
        },
        "(0.26, 0.27]": {
          "Éxito": 0.6666666666666666,
          "Error": 0.3333333333333333
        },
        "(0.27, 0.28]": {
          "Éxito": 0.6987951807228916,
          "Error": 0.30120481927710846
        },
        "(0.28, 0.29]": {
          "Éxito": 0.6746031746031746,
          "Error": 0.3253968253968254
        },
        "(0.29, 0.3]": {
          "Éxito": 0.6026200873362445,
          "Error": 0.39737991266375544
        }
      }
    }
  }
}