{
  "experiment": {
    "name": "res_tcn_se_esc_9",
    "timestamp": "2025-06-16T15:26:05.704651",
    "repeat_index": 1,
    "fold_index": 4
  },
  "effects": {
    "num_taps": {
      "is_categorical": true,
      "bins": null,
      "values": {
        "2": {
          "Éxito": 0.9080553295362083,
          "Error": 0.0919446704637917
        }
      }
    },
    "snr_db": {
      "is_categorical": false,
      "bins": 10,
      "values": {
        "(7.997, 8.401]": {
          "Éxito": 0.884,
          "Error": 0.116
        },
        "(8.401, 8.801]": {
          "Éxito": 0.9012345679012346,
          "Error": 0.09876543209876543
        },
        "(8.801, 9.2]": {
          "Éxito": 0.8957528957528957,
          "Error": 0.10424710424710425
        },
        "(9.2, 9.6]": {
          "Éxito": 0.8995633187772926,
          "Error": 0.10043668122270742
        },
        "(9.6, 9.999]": {
          "Éxito": 0.9061224489795918,
          "Error": 0.09387755102040816
        },
        "(9.999, 10.399]": {
          "Éxito": 0.9176954732510288,
          "Error": 0.0823045267489712
        },
        "(10.399, 10.799]": {
          "Éxito": 0.8996138996138996,
          "Error": 0.10038610038610038
        },
        "(10.799, 11.198]": {
          "Éxito": 0.9356223175965666,
          "Error": 0.06437768240343347
        },
        "(11.198, 11.598]": {
          "Éxito": 0.923728813559322,
          "Error": 0.07627118644067797
        },
        "(11.598, 11.997]": {
          "Éxito": 0.9195402298850575,
          "Error": 0.08045977011494253
        }
      }
    },
    "phase_offset": {
      "is_categorical": false,
      "bins": 10,
      "values": {
        "(44.958, 49.498]": {
          "Éxito": 0.9230769230769231,
          "Error": 0.07692307692307693
        },
        "(49.498, 53.993]": {
          "Éxito": 0.9274193548387096,
          "Error": 0.07258064516129033
        },
        "(53.993, 58.488]": {
          "Éxito": 0.8936170212765957,
          "Error": 0.10638297872340426
        },
        "(58.488, 62.984]": {
          "Éxito": 0.9213483146067416,
          "Error": 0.07865168539325842
        },
        "(62.984, 67.479]": {
          "Éxito": 0.8991228070175439,
          "Error": 0.10087719298245613
        },
        "(67.479, 71.974]": {
          "Éxito": 0.9047619047619048,
          "Error": 0.09523809523809523
        },
        "(71.974, 76.469]": {
          "Éxito": 0.8966942148760331,
          "Error": 0.10330578512396695
        },
        "(76.469, 80.964]": {
          "Éxito": 0.8957528957528957,
          "Error": 0.10424710424710425
        },
        "(80.964, 85.459]": {
          "Éxito": 0.9125475285171103,
          "Error": 0.08745247148288973
        },
        "(85.459, 89.955]": {
          "Éxito": 0.9033613445378151,
          "Error": 0.09663865546218488
        }
      }
    },
    "roll_off": {
      "is_categorical": false,
      "bins": 10,
      "values": {
        "(0.2, 0.21]": {
          "Éxito": 0.87109375,
          "Error": 0.12890625
        },
        "(0.21, 0.22]": {
          "Éxito": 0.8823529411764706,
          "Error": 0.11764705882352941
        },
        "(0.22, 0.23]": {
          "Éxito": 0.9180327868852459,
          "Error": 0.08196721311475409
        },
        "(0.23, 0.24]": {
          "Éxito": 0.9253112033195021,
          "Error": 0.07468879668049792
        },
        "(0.24, 0.25]": {
          "Éxito": 0.8961038961038961,
          "Error": 0.1038961038961039
        },
        "(0.25, 0.26]": {
          "Éxito": 0.9105058365758755,
          "Error": 0.08949416342412451
        },
        "(0.26, 0.27]": {
          "Éxito": 0.9067796610169492,
          "Error": 0.09322033898305085
        },
        "(0.27, 0.28]": {
          "Éxito": 0.9311594202898551,
          "Error": 0.06884057971014493
        },
        "(0.28, 0.29]": {
          "Éxito": 0.9212962962962963,
          "Error": 0.0787037037037037
        },
        "(0.29, 0.3]": {
          "Éxito": 0.9186991869918699,
          "Error": 0.08130081300813008
        }
      }
    }
  }
}