{
  "experiment": {
    "name": "res_tcn_se_esc_9",
    "timestamp": "2025-06-16T14:43:16.184167",
    "repeat_index": 0,
    "fold_index": 3
  },
  "evaluation": {
    "loss": 0.22373385727405548,
    "accuracy": 0.9332790970802307
  },
  "classification_report": {
    "bpsk": {
      "precision": 1.0,
      "recall": 1.0,
      "f1-score": 1.0,
      "support": 410.0
    },
    "qpsk": {
      "precision": 0.9975669099756691,
      "recall": 1.0,
      "f1-score": 0.9987819732034106,
      "support": 410.0
    },
    "16qam": {
      "precision": 0.9710843373493976,
      "recall": 0.9829268292682927,
      "f1-score": 0.976969696969697,
      "support": 410.0
    },
    "32qam cross": {
      "precision": 0.8256658595641646,
      "recall": 0.8337408312958435,
      "f1-score": 0.829683698296837,
      "support": 409.0
    },
    "64qam": {
      "precision": 0.9850746268656716,
      "recall": 0.9682151589242054,
      "f1-score": 0.9765721331689272,
      "support": 409.0
    },
    "128qam cross": {
      "precision": 0.8230958230958231,
      "recall": 0.8170731707317073,
      "f1-score": 0.8200734394124847,
      "support": 410.0
    },
    "accuracy": 0.9336859235150529,
    "macro avg": {
      "precision": 0.9337479261417876,
      "recall": 0.9336593317033416,
      "f1-score": 0.9336801568418928,
      "support": 2458.0
    },
    "weighted avg": {
      "precision": 0.9337710162011261,
      "recall": 0.9336859235150529,
      "f1-score": 0.9337050162732264,
      "support": 2458.0
    }
  }
}