{
  "experiment": {
    "name": "res_tcn_se_esc_9",
    "timestamp": "2025-06-16T14:43:16.615962",
    "repeat_index": 0,
    "fold_index": 3
  },
  "effects": {
    "num_taps": {
      "is_categorical": true,
      "bins": null,
      "values": {
        "2": {
          "Éxito": 0.9336859235150529,
          "Error": 0.06631407648494711
        }
      }
    },
    "snr_db": {
      "is_categorical": false,
      "bins": 10,
      "values": {
        "(7.999, 8.403]": {
          "Éxito": 0.8893617021276595,
          "Error": 0.11063829787234042
        },
        "(8.403, 8.803]": {
          "Éxito": 0.9508196721311475,
          "Error": 0.04918032786885246
        },
        "(8.803, 9.202]": {
          "Éxito": 0.957983193277311,
          "Error": 0.04201680672268908
        },
        "(9.202, 9.602]": {
          "Éxito": 0.9434782608695652,
          "Error": 0.05652173913043478
        },
        "(9.602, 10.001]": {
          "Éxito": 0.9177489177489178,
          "Error": 0.08225108225108226
        },
        "(10.001, 10.401]": {
          "Éxito": 0.9475806451612904,
          "Error": 0.05241935483870968
        },
        "(10.401, 10.801]": {
          "Éxito": 0.9244604316546763,
          "Error": 0.07553956834532374
        },
        "(10.801, 11.2]": {
          "Éxito": 0.951417004048583,
          "Error": 0.048582995951417005
        },
        "(11.2, 11.6]": {
          "Éxito": 0.9274193548387096,
          "Error": 0.07258064516129033
        },
        "(11.6, 11.999]": {
          "Éxito": 0.9266409266409267,
          "Error": 0.07335907335907337
        }
      }
    },
    "phase_offset": {
      "is_categorical": false,
      "bins": 10,
      "values": {
        "(44.981, 49.521]": {
          "Éxito": 0.9111969111969112,
          "Error": 0.0888030888030888
        },
        "(49.521, 54.017]": {
          "Éxito": 0.9233870967741935,
          "Error": 0.07661290322580645
        },
        "(54.017, 58.512]": {
          "Éxito": 0.952,
          "Error": 0.048
        },
        "(58.512, 63.007]": {
          "Éxito": 0.9346938775510204,
          "Error": 0.0653061224489796
        },
        "(63.007, 67.503]": {
          "Éxito": 0.9669421487603306,
          "Error": 0.03305785123966942
        },
        "(67.503, 71.998]": {
          "Éxito": 0.9739130434782609,
          "Error": 0.02608695652173913
        },
        "(71.998, 76.493]": {
          "Éxito": 0.9224489795918367,
          "Error": 0.07755102040816327
        },
        "(76.493, 80.989]": {
          "Éxito": 0.8943089430894309,
          "Error": 0.10569105691056911
        },
        "(80.989, 85.484]": {
          "Éxito": 0.9259259259259259,
          "Error": 0.07407407407407407
        },
        "(85.484, 89.979]": {
          "Éxito": 0.936,
          "Error": 0.064
        }
      }
    },
    "roll_off": {
      "is_categorical": false,
      "bins": 10,
      "values": {
        "(0.2, 0.21]": {
          "Éxito": 0.916058394160584,
          "Error": 0.08394160583941605
        },
        "(0.21, 0.22]": {
          "Éxito": 0.9188034188034188,
          "Error": 0.0811965811965812
        },
        "(0.22, 0.23]": {
          "Éxito": 0.946058091286307,
          "Error": 0.05394190871369295
        },
        "(0.23, 0.24]": {
          "Éxito": 0.9264069264069265,
          "Error": 0.0735930735930736
        },
        "(0.24, 0.25]": {
          "Éxito": 0.9188034188034188,
          "Error": 0.0811965811965812
        },
        "(0.25, 0.26]": {
          "Éxito": 0.9390243902439024,
          "Error": 0.06097560975609756
        },
        "(0.26, 0.27]": {
          "Éxito": 0.9325396825396826,
          "Error": 0.06746031746031746
        },
        "(0.27, 0.28]": {
          "Éxito": 0.9433962264150944,
          "Error": 0.05660377358490566
        },
        "(0.28, 0.29]": {
          "Éxito": 0.9506726457399103,
          "Error": 0.04932735426008968
        },
        "(0.29, 0.3]": {
          "Éxito": 0.9457364341085271,
          "Error": 0.05426356589147287
        }
      }
    }
  }
}