{
  "experiment": {
    "name": "red_carlos_ESC_2",
    "timestamp": "2025-06-18T04:41:11.174276",
    "repeat_index": 2,
    "fold_index": 3
  },
  "effects": {
    "num_taps": {
      "is_categorical": true,
      "bins": null,
      "values": {
        "2": {
          "Éxito": 0.6570382424735557,
          "Error": 0.34296175752644426
        }
      }
    },
    "snr_db": {
      "is_categorical": false,
      "bins": 10,
      "values": {
        "(4.001, 4.404]": {
          "Éxito": 0.5975609756097561,
          "Error": 0.4024390243902439
        },
        "(4.404, 4.804]": {
          "Éxito": 0.6177606177606177,
          "Error": 0.38223938223938225
        },
        "(4.804, 5.203]": {
          "Éxito": 0.6666666666666666,
          "Error": 0.3333333333333333
        },
        "(5.203, 5.603]": {
          "Éxito": 0.6521739130434783,
          "Error": 0.34782608695652173
        },
        "(5.603, 6.002]": {
          "Éxito": 0.6679841897233202,
          "Error": 0.33201581027667987
        },
        "(6.002, 6.402]": {
          "Éxito": 0.691699604743083,
          "Error": 0.308300395256917
        },
        "(6.402, 6.801]": {
          "Éxito": 0.7016129032258065,
          "Error": 0.29838709677419356
        },
        "(6.801, 7.201]": {
          "Éxito": 0.6403162055335968,
          "Error": 0.35968379446640314
        },
        "(7.201, 7.6]": {
          "Éxito": 0.65,
          "Error": 0.35
        },
        "(7.6, 8.0]": {
          "Éxito": 0.6894977168949772,
          "Error": 0.3105022831050228
        }
      }
    },
    "phase_offset": {
      "is_categorical": false,
      "bins": 10,
      "values": {
        "(-0.0433, 4.498]": {
          "Éxito": 0.5882352941176471,
          "Error": 0.4117647058823529
        },
        "(4.498, 8.994]": {
          "Éxito": 0.7186147186147186,
          "Error": 0.2813852813852814
        },
        "(8.994, 13.489]": {
          "Éxito": 0.65234375,
          "Error": 0.34765625
        },
        "(13.489, 17.985]": {
          "Éxito": 0.6233766233766234,
          "Error": 0.37662337662337664
        },
        "(17.985, 22.481]": {
          "Éxito": 0.657258064516129,
          "Error": 0.34274193548387094
        },
        "(22.481, 26.977]": {
          "Éxito": 0.6294820717131474,
          "Error": 0.3705179282868526
        },
        "(26.977, 31.473]": {
          "Éxito": 0.7272727272727273,
          "Error": 0.2727272727272727
        },
        "(31.473, 35.969]": {
          "Éxito": 0.6714801444043321,
          "Error": 0.3285198555956679
        },
        "(35.969, 40.465]": {
          "Éxito": 0.6224899598393574,
          "Error": 0.37751004016064255
        },
        "(40.465, 44.961]": {
          "Éxito": 0.6808510638297872,
          "Error": 0.3191489361702128
        }
      }
    },
    "roll_off": {
      "is_categorical": false,
      "bins": 10,
      "values": {
        "(0.2, 0.21]": {
          "Éxito": 0.6834862385321101,
          "Error": 0.3165137614678899
        },
        "(0.21, 0.22]": {
          "Éxito": 0.6534296028880866,
          "Error": 0.34657039711191334
        },
        "(0.22, 0.23]": {
          "Éxito": 0.6176470588235294,
          "Error": 0.38235294117647056
        },
        "(0.23, 0.24]": {
          "Éxito": 0.6511627906976745,
          "Error": 0.3488372093023256
        },
        "(0.24, 0.25]": {
          "Éxito": 0.6374501992031872,
          "Error": 0.36254980079681276
        },
        "(0.25, 0.26]": {
          "Éxito": 0.6628352490421456,
          "Error": 0.3371647509578544
        },
        "(0.26, 0.27]": {
          "Éxito": 0.6622222222222223,
          "Error": 0.3377777777777778
        },
        "(0.27, 0.28]": {
          "Éxito": 0.678714859437751,
          "Error": 0.321285140562249
        },
        "(0.28, 0.29]": {
          "Éxito": 0.6944444444444444,
          "Error": 0.3055555555555556
        },
        "(0.29, 0.3]": {
          "Éxito": 0.62882096069869,
          "Error": 0.37117903930131
        }
      }
    }
  }
}