{
  "experiment": {
    "name": "res_tcn_se_esc_9",
    "timestamp": "2025-06-16T15:13:38.842628",
    "repeat_index": 1,
    "fold_index": 2
  },
  "effects": {
    "num_taps": {
      "is_categorical": true,
      "bins": null,
      "values": {
        "2": {
          "Éxito": 0.9410089503661514,
          "Error": 0.05899104963384866
        }
      }
    },
    "snr_db": {
      "is_categorical": false,
      "bins": 10,
      "values": {
        "(7.999, 8.402]": {
          "Éxito": 0.9356223175965666,
          "Error": 0.06437768240343347
        },
        "(8.402, 8.801]": {
          "Éxito": 0.9098360655737705,
          "Error": 0.09016393442622951
        },
        "(8.801, 9.201]": {
          "Éxito": 0.9213973799126638,
          "Error": 0.07860262008733625
        },
        "(9.201, 9.6]": {
          "Éxito": 0.9037656903765691,
          "Error": 0.09623430962343096
        },
        "(9.6, 9.999]": {
          "Éxito": 0.9343065693430657,
          "Error": 0.06569343065693431
        },
        "(9.999, 10.398]": {
          "Éxito": 0.9620253164556962,
          "Error": 0.0379746835443038
        },
        "(10.398, 10.798]": {
          "Éxito": 0.9482071713147411,
          "Error": 0.05179282868525897
        },
        "(10.798, 11.197]": {
          "Éxito": 0.9748953974895398,
          "Error": 0.02510460251046025
        },
        "(11.197, 11.596]": {
          "Éxito": 0.9601593625498008,
          "Error": 0.0398406374501992
        },
        "(11.596, 11.995]": {
          "Éxito": 0.9578544061302682,
          "Error": 0.0421455938697318
        }
      }
    },
    "phase_offset": {
      "is_categorical": false,
      "bins": 10,
      "values": {
        "(44.956, 49.499]": {
          "Éxito": 0.9433198380566802,
          "Error": 0.05668016194331984
        },
        "(49.499, 53.997]": {
          "Éxito": 0.9357429718875502,
          "Error": 0.0642570281124498
        },
        "(53.997, 58.495]": {
          "Éxito": 0.9396551724137931,
          "Error": 0.0603448275862069
        },
        "(58.495, 62.994]": {
          "Éxito": 0.961038961038961,
          "Error": 0.03896103896103896
        },
        "(62.994, 67.492]": {
          "Éxito": 0.9523809523809523,
          "Error": 0.047619047619047616
        },
        "(67.492, 71.99]": {
          "Éxito": 0.9416342412451362,
          "Error": 0.058365758754863814
        },
        "(71.99, 76.489]": {
          "Éxito": 0.9377431906614786,
          "Error": 0.0622568093385214
        },
        "(76.489, 80.987]": {
          "Éxito": 0.9019607843137255,
          "Error": 0.09803921568627451
        },
        "(80.987, 85.485]": {
          "Éxito": 0.9518072289156626,
          "Error": 0.04819277108433735
        },
        "(85.485, 89.984]": {
          "Éxito": 0.9475982532751092,
          "Error": 0.05240174672489083
        }
      }
    },
    "roll_off": {
      "is_categorical": false,
      "bins": 10,
      "values": {
        "(0.2, 0.21]": {
          "Éxito": 0.9444444444444444,
          "Error": 0.05555555555555555
        },
        "(0.21, 0.22]": {
          "Éxito": 0.9409448818897638,
          "Error": 0.05905511811023622
        },
        "(0.22, 0.23]": {
          "Éxito": 0.9110169491525424,
          "Error": 0.08898305084745763
        },
        "(0.23, 0.24]": {
          "Éxito": 0.946360153256705,
          "Error": 0.05363984674329502
        },
        "(0.24, 0.25]": {
          "Éxito": 0.94921875,
          "Error": 0.05078125
        },
        "(0.25, 0.26]": {
          "Éxito": 0.941908713692946,
          "Error": 0.058091286307053944
        },
        "(0.26, 0.27]": {
          "Éxito": 0.9506726457399103,
          "Error": 0.04932735426008968
        },
        "(0.27, 0.28]": {
          "Éxito": 0.9409282700421941,
          "Error": 0.05907172995780591
        },
        "(0.28, 0.29]": {
          "Éxito": 0.9274193548387096,
          "Error": 0.07258064516129033
        },
        "(0.29, 0.3]": {
          "Éxito": 0.9552238805970149,
          "Error": 0.04477611940298507
        }
      }
    }
  }
}