{
  "experiment": {
    "name": "red_carlos_ESC_2",
    "timestamp": "2025-06-18T04:31:57.840781",
    "repeat_index": 2,
    "fold_index": 1
  },
  "effects": {
    "num_taps": {
      "is_categorical": true,
      "bins": null,
      "values": {
        "2": {
          "Éxito": 0.6668022782750204,
          "Error": 0.33319772172497963
        }
      }
    },
    "snr_db": {
      "is_categorical": false,
      "bins": 10,
      "values": {
        "(4.001, 4.404]": {
          "Éxito": 0.6544715447154471,
          "Error": 0.34552845528455284
        },
        "(4.404, 4.804]": {
          "Éxito": 0.637065637065637,
          "Error": 0.36293436293436293
        },
        "(4.804, 5.203]": {
          "Éxito": 0.6708860759493671,
          "Error": 0.3291139240506329
        },
        "(5.203, 5.603]": {
          "Éxito": 0.6652173913043479,
          "Error": 0.3347826086956522
        },
        "(5.603, 6.002]": {
          "Éxito": 0.691699604743083,
          "Error": 0.308300395256917
        },
        "(6.002, 6.402]": {
          "Éxito": 0.6679841897233202,
          "Error": 0.33201581027667987
        },
        "(6.402, 6.801]": {
          "Éxito": 0.6975806451612904,
          "Error": 0.3024193548387097
        },
        "(6.801, 7.201]": {
          "Éxito": 0.6758893280632411,
          "Error": 0.3241106719367589
        },
        "(7.201, 7.6]": {
          "Éxito": 0.6923076923076923,
          "Error": 0.3076923076923077
        },
        "(7.6, 8.0]": {
          "Éxito": 0.6073059360730594,
          "Error": 0.3926940639269406
        }
      }
    },
    "phase_offset": {
      "is_categorical": false,
      "bins": 10,
      "values": {
        "(-0.0433, 4.498]": {
          "Éxito": 0.634453781512605,
          "Error": 0.36554621848739494
        },
        "(4.498, 8.994]": {
          "Éxito": 0.7186147186147186,
          "Error": 0.2813852813852814
        },
        "(8.994, 13.489]": {
          "Éxito": 0.69140625,
          "Error": 0.30859375
        },
        "(13.489, 17.985]": {
          "Éxito": 0.6233766233766234,
          "Error": 0.37662337662337664
        },
        "(17.985, 22.481]": {
          "Éxito": 0.6895161290322581,
          "Error": 0.31048387096774194
        },
        "(22.481, 26.977]": {
          "Éxito": 0.6175298804780877,
          "Error": 0.38247011952191234
        },
        "(26.977, 31.473]": {
          "Éxito": 0.7148760330578512,
          "Error": 0.28512396694214875
        },
        "(31.473, 35.969]": {
          "Éxito": 0.6714801444043321,
          "Error": 0.3285198555956679
        },
        "(35.969, 40.465]": {
          "Éxito": 0.6385542168674698,
          "Error": 0.3614457831325301
        },
        "(40.465, 44.961]": {
          "Éxito": 0.6680851063829787,
          "Error": 0.33191489361702126
        }
      }
    },
    "roll_off": {
      "is_categorical": false,
      "bins": 10,
      "values": {
        "(0.2, 0.21]": {
          "Éxito": 0.6834862385321101,
          "Error": 0.3165137614678899
        },
        "(0.21, 0.22]": {
          "Éxito": 0.6534296028880866,
          "Error": 0.34657039711191334
        },
        "(0.22, 0.23]": {
          "Éxito": 0.6596638655462185,
          "Error": 0.3403361344537815
        },
        "(0.23, 0.24]": {
          "Éxito": 0.6782945736434108,
          "Error": 0.32170542635658916
        },
        "(0.24, 0.25]": {
          "Éxito": 0.6254980079681275,
          "Error": 0.3745019920318725
        },
        "(0.25, 0.26]": {
          "Éxito": 0.7164750957854407,
          "Error": 0.2835249042145594
        },
        "(0.26, 0.27]": {
          "Éxito": 0.6266666666666667,
          "Error": 0.37333333333333335
        },
        "(0.27, 0.28]": {
          "Éxito": 0.6947791164658634,
          "Error": 0.30522088353413657
        },
        "(0.28, 0.29]": {
          "Éxito": 0.6706349206349206,
          "Error": 0.32936507936507936
        },
        "(0.29, 0.3]": {
          "Éxito": 0.6550218340611353,
          "Error": 0.34497816593886466
        }
      }
    }
  }
}