{
  "experiment": {
    "name": "red_carlos_ESC_2",
    "timestamp": "2025-06-18T05:04:45.549144",
    "repeat_index": 3,
    "fold_index": 3
  },
  "effects": {
    "num_taps": {
      "is_categorical": true,
      "bins": null,
      "values": {
        "2": {
          "Éxito": 0.6659886086248983,
          "Error": 0.3340113913751017
        }
      }
    },
    "snr_db": {
      "is_categorical": false,
      "bins": 10,
      "values": {
        "(3.996, 4.4]": {
          "Éxito": 0.7023809523809523,
          "Error": 0.2976190476190476
        },
        "(4.4, 4.8]": {
          "Éxito": 0.6653846153846154,
          "Error": 0.3346153846153846
        },
        "(4.8, 5.2]": {
          "Éxito": 0.585820895522388,
          "Error": 0.4141791044776119
        },
        "(5.2, 5.6]": {
          "Éxito": 0.6304347826086957,
          "Error": 0.3695652173913043
        },
        "(5.6, 6.0]": {
          "Éxito": 0.6666666666666666,
          "Error": 0.3333333333333333
        },
        "(6.0, 6.4]": {
          "Éxito": 0.6533333333333333,
          "Error": 0.3466666666666667
        },
        "(6.4, 6.8]": {
          "Éxito": 0.6707317073170732,
          "Error": 0.32926829268292684
        },
        "(6.8, 7.2]": {
          "Éxito": 0.7161572052401747,
          "Error": 0.2838427947598253
        },
        "(7.2, 7.6]": {
          "Éxito": 0.688,
          "Error": 0.312
        },
        "(7.6, 7.999]": {
          "Éxito": 0.6865079365079365,
          "Error": 0.3134920634920635
        }
      }
    },
    "phase_offset": {
      "is_categorical": false,
      "bins": 10,
      "values": {
        "(-0.0429, 4.499]": {
          "Éxito": 0.6255506607929515,
          "Error": 0.3744493392070485
        },
        "(4.499, 8.996]": {
          "Éxito": 0.6846473029045643,
          "Error": 0.3153526970954357
        },
        "(8.996, 13.493]": {
          "Éxito": 0.6848739495798319,
          "Error": 0.31512605042016806
        },
        "(13.493, 17.99]": {
          "Éxito": 0.6626506024096386,
          "Error": 0.3373493975903614
        },
        "(17.99, 22.486]": {
          "Éxito": 0.6872586872586872,
          "Error": 0.3127413127413127
        },
        "(22.486, 26.983]": {
          "Éxito": 0.6707317073170732,
          "Error": 0.32926829268292684
        },
        "(26.983, 31.48]": {
          "Éxito": 0.7125506072874493,
          "Error": 0.2874493927125506
        },
        "(31.48, 35.977]": {
          "Éxito": 0.6245210727969349,
          "Error": 0.37547892720306514
        },
        "(35.977, 40.474]": {
          "Éxito": 0.6487603305785123,
          "Error": 0.3512396694214876
        },
        "(40.474, 44.971]": {
          "Éxito": 0.657258064516129,
          "Error": 0.34274193548387094
        }
      }
    },
    "roll_off": {
      "is_categorical": false,
      "bins": 10,
      "values": {
        "(0.2, 0.21]": {
          "Éxito": 0.6733870967741935,
          "Error": 0.32661290322580644
        },
        "(0.21, 0.22]": {
          "Éxito": 0.7063492063492064,
          "Error": 0.29365079365079366
        },
        "(0.22, 0.23]": {
          "Éxito": 0.6296296296296297,
          "Error": 0.37037037037037035
        },
        "(0.23, 0.24]": {
          "Éxito": 0.6600790513833992,
          "Error": 0.33992094861660077
        },
        "(0.24, 0.25]": {
          "Éxito": 0.6639676113360324,
          "Error": 0.3360323886639676
        },
        "(0.25, 0.26]": {
          "Éxito": 0.6521739130434783,
          "Error": 0.34782608695652173
        },
        "(0.26, 0.27]": {
          "Éxito": 0.6386554621848739,
          "Error": 0.36134453781512604
        },
        "(0.27, 0.28]": {
          "Éxito": 0.6653696498054474,
          "Error": 0.3346303501945525
        },
        "(0.28, 0.29]": {
          "Éxito": 0.6816326530612244,
          "Error": 0.3183673469387755
        },
        "(0.29, 0.3]": {
          "Éxito": 0.6891891891891891,
          "Error": 0.3108108108108108
        }
      }
    }
  }
}